dteday,season,yr,mnth,holiday,weekday,workingday,weathersit,temp,hum,windspeed,casual,registered,cnt,month_year,cluster,year_month
2011-01-01,Spring,2011,January,Not Holiday,Saturday,Holiday,2,14,81,11,331,654,985,2011-01,0,2011-01
2011-01-02,Spring,2011,January,Not Holiday,Sunday,Holiday,2,15,70,17,131,670,801,2011-01,0,2011-01
2011-01-03,Spring,2011,January,Not Holiday,Monday,Working Day,1,8,44,17,120,1229,1349,2011-01,0,2011-01
2011-01-04,Spring,2011,January,Not Holiday,Tuesday,Working Day,1,8,59,11,108,1454,1562,2011-01,0,2011-01
2011-01-05,Spring,2011,January,Not Holiday,Wednesday,Working Day,1,9,44,13,82,1518,1600,2011-01,0,2011-01
2011-01-06,Spring,2011,January,Not Holiday,Thursday,Working Day,1,8,52,6,88,1518,1606,2011-01,0,2011-01
2011-01-07,Spring,2011,January,Not Holiday,Friday,Working Day,2,8,50,11,148,1362,1510,2011-01,0,2011-01
2011-01-08,Spring,2011,January,Not Holiday,Saturday,Holiday,2,7,54,18,68,891,959,2011-01,0,2011-01
2011-01-09,Spring,2011,January,Not Holiday,Sunday,Holiday,1,6,43,24,54,768,822,2011-01,0,2011-01
2011-01-10,Spring,2011,January,Not Holiday,Monday,Working Day,1,6,48,15,41,1280,1321,2011-01,0,2011-01
2011-01-11,Spring,2011,January,Not Holiday,Tuesday,Working Day,2,7,69,8,43,1220,1263,2011-01,0,2011-01
2011-01-12,Spring,2011,January,Not Holiday,Wednesday,Working Day,1,7,60,20,25,1137,1162,2011-01,0,2011-01
2011-01-13,Spring,2011,January,Not Holiday,Thursday,Working Day,1,7,47,20,38,1368,1406,2011-01,0,2011-01
2011-01-14,Spring,2011,January,Not Holiday,Friday,Working Day,1,7,54,8,54,1367,1421,2011-01,0,2011-01
2011-01-15,Spring,2011,January,Not Holiday,Saturday,Holiday,2,10,50,11,222,1026,1248,2011-01,0,2011-01
2011-01-16,Spring,2011,January,Not Holiday,Sunday,Holiday,1,9,48,13,251,953,1204,2011-01,0,2011-01
2011-01-17,Spring,2011,January,Holiday,Monday,Holiday,2,7,54,13,117,883,1000,2011-01,0,2011-01
2011-01-18,Spring,2011,January,Not Holiday,Tuesday,Working Day,2,9,86,10,9,674,683,2011-01,0,2011-01
2011-01-19,Spring,2011,January,Not Holiday,Wednesday,Working Day,2,12,74,14,78,1572,1650,2011-01,0,2011-01
2011-01-20,Spring,2011,January,Not Holiday,Thursday,Working Day,2,11,54,13,83,1844,1927,2011-01,0,2011-01
2011-01-21,Spring,2011,January,Not Holiday,Friday,Working Day,1,7,46,24,75,1468,1543,2011-01,0,2011-01
2011-01-22,Spring,2011,January,Not Holiday,Saturday,Holiday,1,2,40,12,93,888,981,2011-01,0,2011-01
2011-01-23,Spring,2011,January,Not Holiday,Sunday,Holiday,1,4,44,17,150,836,986,2011-01,0,2011-01
2011-01-24,Spring,2011,January,Not Holiday,Monday,Working Day,1,4,49,11,86,1330,1416,2011-01,0,2011-01
2011-01-25,Spring,2011,January,Not Holiday,Tuesday,Working Day,2,9,62,9,186,1799,1985,2011-01,0,2011-01
2011-01-26,Spring,2011,January,Not Holiday,Wednesday,Working Day,3,9,86,20,34,472,506,2011-01,0,2011-01
2011-01-27,Spring,2011,January,Not Holiday,Thursday,Working Day,1,8,69,8,15,416,431,2011-01,0,2011-01
2011-01-28,Spring,2011,January,Not Holiday,Friday,Working Day,2,8,79,8,38,1129,1167,2011-01,0,2011-01
2011-01-29,Spring,2011,January,Not Holiday,Saturday,Holiday,1,8,65,10,123,975,1098,2011-01,0,2011-01
2011-01-30,Spring,2011,January,Not Holiday,Sunday,Holiday,1,9,72,5,140,956,1096,2011-01,0,2011-01
2011-01-31,Spring,2011,January,Not Holiday,Monday,Working Day,2,7,60,13,42,1459,1501,2011-01,0,2011-01
2011-02-01,Spring,2011,February,Not Holiday,Tuesday,Working Day,2,8,83,4,47,1313,1360,2011-02,0,2011-02
2011-02-02,Spring,2011,February,Not Holiday,Wednesday,Working Day,2,11,78,18,72,1454,1526,2011-02,0,2011-02
2011-02-03,Spring,2011,February,Not Holiday,Thursday,Working Day,1,8,44,19,61,1489,1550,2011-02,0,2011-02
2011-02-04,Spring,2011,February,Not Holiday,Friday,Working Day,2,9,59,9,88,1620,1708,2011-02,0,2011-02
2011-02-05,Spring,2011,February,Not Holiday,Saturday,Holiday,2,10,93,11,100,905,1005,2011-02,0,2011-02
2011-02-06,Spring,2011,February,Not Holiday,Sunday,Holiday,1,12,57,10,354,1269,1623,2011-02,0,2011-02
2011-02-07,Spring,2011,February,Not Holiday,Monday,Working Day,1,11,74,3,120,1592,1712,2011-02,0,2011-02
2011-02-08,Spring,2011,February,Not Holiday,Tuesday,Working Day,1,9,54,24,64,1466,1530,2011-02,0,2011-02
2011-02-09,Spring,2011,February,Not Holiday,Wednesday,Working Day,2,6,49,13,53,1552,1605,2011-02,0,2011-02
2011-02-10,Spring,2011,February,Not Holiday,Thursday,Working Day,1,6,44,15,47,1491,1538,2011-02,0,2011-02
2011-02-11,Spring,2011,February,Not Holiday,Friday,Working Day,1,8,51,7,149,1597,1746,2011-02,0,2011-02
2011-02-12,Spring,2011,February,Not Holiday,Saturday,Holiday,1,9,54,14,288,1184,1472,2011-02,0,2011-02
2011-02-13,Spring,2011,February,Not Holiday,Sunday,Holiday,1,13,46,17,397,1192,1589,2011-02,0,2011-02
2011-02-14,Spring,2011,February,Not Holiday,Monday,Working Day,1,17,38,28,208,1705,1913,2011-02,0,2011-02
2011-02-15,Spring,2011,February,Not Holiday,Tuesday,Working Day,1,11,31,20,140,1675,1815,2011-02,0,2011-02
2011-02-16,Spring,2011,February,Not Holiday,Wednesday,Working Day,1,13,42,17,218,1897,2115,2011-02,0,2011-02
2011-02-17,Spring,2011,February,Not Holiday,Thursday,Working Day,1,18,50,15,259,2216,2475,2011-02,0,2011-02
2011-02-18,Spring,2011,February,Not Holiday,Friday,Working Day,1,21,52,18,579,2348,2927,2011-02,0,2011-02
2011-02-19,Spring,2011,February,Not Holiday,Saturday,Holiday,1,16,19,34,532,1103,1635,2011-02,0,2011-02
2011-02-20,Spring,2011,February,Not Holiday,Sunday,Holiday,1,12,41,15,639,1173,1812,2011-02,0,2011-02
2011-02-21,Spring,2011,February,Holiday,Monday,Holiday,2,12,60,21,195,912,1107,2011-02,0,2011-02
2011-02-22,Spring,2011,February,Not Holiday,Tuesday,Working Day,1,7,58,13,74,1376,1450,2011-02,0,2011-02
2011-02-23,Spring,2011,February,Not Holiday,Wednesday,Working Day,1,9,42,6,139,1778,1917,2011-02,0,2011-02
2011-02-24,Spring,2011,February,Not Holiday,Thursday,Working Day,2,12,70,17,100,1707,1807,2011-02,0,2011-02
2011-02-25,Spring,2011,February,Not Holiday,Friday,Working Day,2,15,71,23,120,1341,1461,2011-02,0,2011-02
2011-02-26,Spring,2011,February,Not Holiday,Saturday,Holiday,1,12,54,13,424,1545,1969,2011-02,0,2011-02
2011-02-27,Spring,2011,February,Not Holiday,Sunday,Holiday,1,14,68,8,694,1708,2402,2011-02,0,2011-02
2011-02-28,Spring,2011,February,Not Holiday,Monday,Working Day,2,17,88,19,81,1365,1446,2011-02,0,2011-02
2011-03-01,Spring,2011,March,Not Holiday,Tuesday,Working Day,1,11,54,15,137,1714,1851,2011-03,0,2011-03
2011-03-02,Spring,2011,March,Not Holiday,Wednesday,Working Day,1,14,45,21,231,1903,2134,2011-03,0,2011-03
2011-03-03,Spring,2011,March,Not Holiday,Thursday,Working Day,1,8,32,15,123,1562,1685,2011-03,0,2011-03
2011-03-04,Spring,2011,March,Not Holiday,Friday,Working Day,2,11,61,14,214,1730,1944,2011-03,0,2011-03
2011-03-05,Spring,2011,March,Not Holiday,Saturday,Holiday,2,16,79,17,640,1437,2077,2011-03,0,2011-03
2011-03-06,Spring,2011,March,Not Holiday,Sunday,Holiday,2,15,95,23,114,491,605,2011-03,0,2011-03
2011-03-07,Spring,2011,March,Not Holiday,Monday,Working Day,1,11,55,23,244,1628,1872,2011-03,0,2011-03
2011-03-08,Spring,2011,March,Not Holiday,Tuesday,Working Day,1,12,42,8,316,1817,2133,2011-03,0,2011-03
2011-03-09,Spring,2011,March,Not Holiday,Wednesday,Working Day,2,12,78,15,191,1700,1891,2011-03,0,2011-03
2011-03-10,Spring,2011,March,Not Holiday,Thursday,Working Day,3,16,0,18,46,577,623,2011-03,0,2011-03
2011-03-11,Spring,2011,March,Not Holiday,Friday,Working Day,2,13,65,16,247,1730,1977,2011-03,0,2011-03
2011-03-12,Spring,2011,March,Not Holiday,Saturday,Holiday,1,13,59,15,724,1408,2132,2011-03,0,2011-03
2011-03-13,Spring,2011,March,Not Holiday,Sunday,Holiday,1,16,53,18,982,1435,2417,2011-03,0,2011-03
2011-03-14,Spring,2011,March,Not Holiday,Monday,Working Day,1,13,50,9,359,1687,2046,2011-03,0,2011-03
2011-03-15,Spring,2011,March,Not Holiday,Tuesday,Working Day,2,13,66,12,289,1767,2056,2011-03,0,2011-03
2011-03-16,Spring,2011,March,Not Holiday,Wednesday,Working Day,2,15,78,14,321,1871,2192,2011-03,0,2011-03
2011-03-17,Spring,2011,March,Not Holiday,Thursday,Working Day,1,17,60,14,424,2320,2744,2011-03,0,2011-03
2011-03-18,Spring,2011,March,Not Holiday,Friday,Working Day,1,22,53,15,884,2355,3239,2011-03,0,2011-03
2011-03-19,Spring,2011,March,Not Holiday,Saturday,Holiday,1,19,38,25,1424,1693,3117,2011-03,0,2011-03
2011-03-20,Spring,2011,March,Not Holiday,Sunday,Holiday,1,14,47,14,1047,1424,2471,2011-03,0,2011-03
2011-03-21,Summer,2011,March,Not Holiday,Monday,Working Day,2,18,74,19,401,1676,2077,2011-03,0,2011-03
2011-03-22,Summer,2011,March,Not Holiday,Tuesday,Working Day,1,18,62,15,460,2243,2703,2011-03,0,2011-03
2011-03-23,Summer,2011,March,Not Holiday,Wednesday,Working Day,2,14,84,16,203,1918,2121,2011-03,0,2011-03
2011-03-24,Summer,2011,March,Not Holiday,Thursday,Working Day,2,12,81,16,166,1699,1865,2011-03,0,2011-03
2011-03-25,Summer,2011,March,Not Holiday,Friday,Working Day,1,11,50,15,300,1910,2210,2011-03,0,2011-03
2011-03-26,Summer,2011,March,Not Holiday,Saturday,Holiday,1,11,39,14,981,1515,2496,2011-03,0,2011-03
2011-03-27,Summer,2011,March,Not Holiday,Sunday,Holiday,2,10,49,12,472,1221,1693,2011-03,0,2011-03
2011-03-28,Summer,2011,March,Not Holiday,Monday,Working Day,1,11,30,14,222,1806,2028,2011-03,0,2011-03
2011-03-29,Summer,2011,March,Not Holiday,Tuesday,Working Day,1,12,31,15,317,2108,2425,2011-03,0,2011-03
2011-03-30,Summer,2011,March,Not Holiday,Wednesday,Working Day,2,12,65,12,168,1368,1536,2011-03,0,2011-03
2011-03-31,Summer,2011,March,Not Holiday,Thursday,Working Day,3,11,92,15,179,1506,1685,2011-03,0,2011-03
2011-04-01,Summer,2011,April,Not Holiday,Friday,Working Day,2,12,69,17,307,1920,2227,2011-04,0,2011-04
2011-04-02,Summer,2011,April,Not Holiday,Saturday,Holiday,2,13,65,13,898,1354,2252,2011-04,0,2011-04
2011-04-03,Summer,2011,April,Not Holiday,Sunday,Holiday,1,16,48,12,1651,1598,3249,2011-04,0,2011-04
2011-04-04,Summer,2011,April,Not Holiday,Monday,Working Day,1,24,43,26,734,2381,3115,2011-04,0,2011-04
2011-04-05,Summer,2011,April,Not Holiday,Tuesday,Working Day,2,17,64,26,167,1628,1795,2011-04,0,2011-04
2011-04-06,Summer,2011,April,Not Holiday,Wednesday,Working Day,1,16,47,18,413,2395,2808,2011-04,0,2011-04
2011-04-07,Summer,2011,April,Not Holiday,Thursday,Working Day,1,18,60,11,571,2570,3141,2011-04,0,2011-04
2011-04-08,Summer,2011,April,Not Holiday,Friday,Working Day,2,14,84,15,172,1299,1471,2011-04,0,2011-04
2011-04-09,Summer,2011,April,Not Holiday,Saturday,Holiday,2,14,88,9,879,1576,2455,2011-04,0,2011-04
2011-04-10,Summer,2011,April,Not Holiday,Sunday,Holiday,2,17,86,10,1188,1707,2895,2011-04,0,2011-04
2011-04-11,Summer,2011,April,Not Holiday,Monday,Working Day,2,24,72,22,855,2493,3348,2011-04,0,2011-04
2011-04-12,Summer,2011,April,Not Holiday,Tuesday,Working Day,2,21,74,18,257,1777,2034,2011-04,0,2011-04
2011-04-13,Summer,2011,April,Not Holiday,Wednesday,Working Day,2,17,82,17,209,1953,2162,2011-04,0,2011-04
2011-04-14,Summer,2011,April,Not Holiday,Thursday,Working Day,1,19,54,7,529,2738,3267,2011-04,2,2011-04
2011-04-15,Summer,2011,April,Holiday,Friday,Holiday,1,18,67,15,642,2484,3126,2011-04,0,2011-04
2011-04-16,Summer,2011,April,Not Holiday,Saturday,Holiday,3,18,89,23,121,674,795,2011-04,0,2011-04
2011-04-17,Summer,2011,April,Not Holiday,Sunday,Holiday,1,19,48,20,1558,2186,3744,2011-04,0,2011-04
2011-04-18,Summer,2011,April,Not Holiday,Monday,Working Day,1,21,54,11,669,2760,3429,2011-04,2,2011-04
2011-04-19,Summer,2011,April,Not Holiday,Tuesday,Working Day,2,21,67,11,409,2795,3204,2011-04,2,2011-04
2011-04-20,Summer,2011,April,Not Holiday,Wednesday,Working Day,1,24,61,16,613,3331,3944,2011-04,2,2011-04
2011-04-21,Summer,2011,April,Not Holiday,Thursday,Working Day,1,19,41,22,745,3444,4189,2011-04,2,2011-04
2011-04-22,Summer,2011,April,Not Holiday,Friday,Working Day,2,14,73,15,177,1506,1683,2011-04,0,2011-04
2011-04-23,Summer,2011,April,Not Holiday,Saturday,Holiday,2,19,89,15,1462,2574,4036,2011-04,2,2011-04
2011-04-24,Summer,2011,April,Not Holiday,Sunday,Holiday,2,24,81,13,1710,2481,4191,2011-04,2,2011-04
2011-04-25,Summer,2011,April,Not Holiday,Monday,Working Day,1,25,78,12,773,3300,4073,2011-04,2,2011-04
2011-04-26,Summer,2011,April,Not Holiday,Tuesday,Working Day,1,26,73,22,678,3722,4400,2011-04,2,2011-04
2011-04-27,Summer,2011,April,Not Holiday,Wednesday,Working Day,2,25,84,21,547,3325,3872,2011-04,2,2011-04
2011-04-28,Summer,2011,April,Not Holiday,Thursday,Working Day,2,25,70,22,569,3489,4058,2011-04,2,2011-04
2011-04-29,Summer,2011,April,Not Holiday,Friday,Working Day,1,21,46,16,878,3717,4595,2011-04,2,2011-04
2011-04-30,Summer,2011,April,Not Holiday,Saturday,Holiday,1,19,50,16,1965,3347,5312,2011-04,2,2011-04
2011-05-01,Summer,2011,May,Not Holiday,Sunday,Holiday,2,19,76,7,1138,2213,3351,2011-05,0,2011-05
2011-05-02,Summer,2011,May,Not Holiday,Monday,Working Day,2,23,73,12,847,3554,4401,2011-05,2,2011-05
2011-05-03,Summer,2011,May,Not Holiday,Tuesday,Working Day,2,25,70,23,603,3848,4451,2011-05,2,2011-05
2011-05-04,Summer,2011,May,Not Holiday,Wednesday,Working Day,2,17,74,22,255,2378,2633,2011-05,0,2011-05
2011-05-05,Summer,2011,May,Not Holiday,Thursday,Working Day,1,19,44,20,614,3819,4433,2011-05,2,2011-05
2011-05-06,Summer,2011,May,Not Holiday,Friday,Working Day,1,20,59,15,894,3714,4608,2011-05,2,2011-05
2011-05-07,Summer,2011,May,Not Holiday,Saturday,Holiday,1,21,54,11,1612,3102,4714,2011-05,2,2011-05
2011-05-08,Summer,2011,May,Not Holiday,Sunday,Holiday,1,22,63,5,1401,2932,4333,2011-05,2,2011-05
2011-05-09,Summer,2011,May,Not Holiday,Monday,Working Day,1,22,59,12,664,3698,4362,2011-05,2,2011-05
2011-05-10,Summer,2011,May,Not Holiday,Tuesday,Working Day,1,22,49,8,694,4109,4803,2011-05,2,2011-05
2011-05-11,Summer,2011,May,Not Holiday,Wednesday,Working Day,1,22,63,8,550,3632,4182,2011-05,2,2011-05
2011-05-12,Summer,2011,May,Not Holiday,Thursday,Working Day,1,22,75,13,695,4169,4864,2011-05,2,2011-05
2011-05-13,Summer,2011,May,Not Holiday,Friday,Working Day,2,21,86,12,692,3413,4105,2011-05,2,2011-05
2011-05-14,Summer,2011,May,Not Holiday,Saturday,Holiday,2,21,92,9,902,2507,3409,2011-05,0,2011-05
2011-05-15,Summer,2011,May,Not Holiday,Sunday,Holiday,2,23,87,10,1582,2971,4553,2011-05,2,2011-05
2011-05-16,Summer,2011,May,Not Holiday,Monday,Working Day,1,24,79,9,773,3185,3958,2011-05,2,2011-05
2011-05-17,Summer,2011,May,Not Holiday,Tuesday,Working Day,2,23,84,19,678,3445,4123,2011-05,2,2011-05
2011-05-18,Summer,2011,May,Not Holiday,Wednesday,Working Day,2,23,87,13,536,3319,3855,2011-05,2,2011-05
2011-05-19,Summer,2011,May,Not Holiday,Thursday,Working Day,2,22,83,7,735,3840,4575,2011-05,2,2011-05
2011-05-20,Summer,2011,May,Not Holiday,Friday,Working Day,1,22,72,8,909,4008,4917,2011-05,2,2011-05
2011-05-21,Summer,2011,May,Not Holiday,Saturday,Holiday,1,25,63,8,2258,3547,5805,2011-05,2,2011-05
2011-05-22,Summer,2011,May,Not Holiday,Sunday,Holiday,1,25,75,10,1576,3084,4660,2011-05,2,2011-05
2011-05-23,Summer,2011,May,Not Holiday,Monday,Working Day,2,26,81,16,836,3438,4274,2011-05,2,2011-05
2011-05-24,Summer,2011,May,Not Holiday,Tuesday,Working Day,2,27,74,14,659,3833,4492,2011-05,2,2011-05
2011-05-25,Summer,2011,May,Not Holiday,Wednesday,Working Day,1,27,70,10,740,4238,4978,2011-05,2,2011-05
2011-05-26,Summer,2011,May,Not Holiday,Thursday,Working Day,1,29,68,13,758,3919,4677,2011-05,2,2011-05
2011-05-27,Summer,2011,May,Not Holiday,Friday,Working Day,1,28,65,16,871,3808,4679,2011-05,2,2011-05
2011-05-28,Summer,2011,May,Not Holiday,Saturday,Holiday,1,27,73,15,2001,2757,4758,2011-05,2,2011-05
2011-05-29,Summer,2011,May,Not Holiday,Sunday,Holiday,1,27,82,14,2355,2433,4788,2011-05,2,2011-05
2011-05-30,Summer,2011,May,Holiday,Monday,Holiday,1,30,68,9,1549,2549,4098,2011-05,2,2011-05
2011-05-31,Summer,2011,May,Not Holiday,Tuesday,Working Day,1,32,64,7,673,3309,3982,2011-05,2,2011-05
2011-06-01,Summer,2011,June,Not Holiday,Wednesday,Working Day,2,31,68,14,513,3461,3974,2011-06,2,2011-06
2011-06-02,Summer,2011,June,Not Holiday,Thursday,Working Day,1,29,30,20,736,4232,4968,2011-06,2,2011-06
2011-06-03,Summer,2011,June,Not Holiday,Friday,Working Day,1,25,35,17,898,4414,5312,2011-06,2,2011-06
2011-06-04,Summer,2011,June,Not Holiday,Saturday,Holiday,1,26,46,8,1869,3473,5342,2011-06,2,2011-06
2011-06-05,Summer,2011,June,Not Holiday,Sunday,Holiday,2,27,65,9,1685,3221,4906,2011-06,2,2011-06
2011-06-06,Summer,2011,June,Not Holiday,Monday,Working Day,1,28,60,8,673,3875,4548,2011-06,2,2011-06
2011-06-07,Summer,2011,June,Not Holiday,Tuesday,Working Day,1,29,60,13,763,4070,4833,2011-06,2,2011-06
2011-06-08,Summer,2011,June,Not Holiday,Wednesday,Working Day,1,32,62,9,676,3725,4401,2011-06,2,2011-06
2011-06-09,Summer,2011,June,Not Holiday,Thursday,Working Day,2,33,57,10,563,3352,3915,2011-06,2,2011-06
2011-06-10,Summer,2011,June,Not Holiday,Friday,Working Day,1,31,60,9,815,3771,4586,2011-06,2,2011-06
2011-06-11,Summer,2011,June,Not Holiday,Saturday,Holiday,1,30,65,10,1729,3237,4966,2011-06,2,2011-06
2011-06-12,Summer,2011,June,Not Holiday,Sunday,Holiday,1,28,75,11,1467,2993,4460,2011-06,2,2011-06
2011-06-13,Summer,2011,June,Not Holiday,Monday,Working Day,1,26,49,20,863,4157,5020,2011-06,2,2011-06
2011-06-14,Summer,2011,June,Not Holiday,Tuesday,Working Day,1,25,51,18,727,4164,4891,2011-06,2,2011-06
2011-06-15,Summer,2011,June,Not Holiday,Wednesday,Working Day,1,26,47,11,769,4411,5180,2011-06,2,2011-06
2011-06-16,Summer,2011,June,Not Holiday,Thursday,Working Day,2,26,69,14,545,3222,3767,2011-06,2,2011-06
2011-06-17,Summer,2011,June,Not Holiday,Friday,Working Day,1,27,74,10,863,3981,4844,2011-06,2,2011-06
2011-06-18,Summer,2011,June,Not Holiday,Saturday,Holiday,1,29,67,8,1807,3312,5119,2011-06,2,2011-06
2011-06-19,Summer,2011,June,Not Holiday,Sunday,Holiday,2,29,67,7,1639,3105,4744,2011-06,2,2011-06
2011-06-20,Summer,2011,June,Not Holiday,Monday,Working Day,2,26,75,10,699,3311,4010,2011-06,2,2011-06
2011-06-21,Fall,2011,June,Not Holiday,Tuesday,Working Day,2,28,77,11,774,4061,4835,2011-06,2,2011-06
2011-06-22,Fall,2011,June,Not Holiday,Wednesday,Working Day,1,30,71,12,661,3846,4507,2011-06,2,2011-06
2011-06-23,Fall,2011,June,Not Holiday,Thursday,Working Day,2,30,70,16,746,4044,4790,2011-06,2,2011-06
2011-06-24,Fall,2011,June,Not Holiday,Friday,Working Day,1,30,57,15,969,4022,4991,2011-06,2,2011-06
2011-06-25,Fall,2011,June,Not Holiday,Saturday,Holiday,1,28,48,14,1782,3420,5202,2011-06,2,2011-06
2011-06-26,Fall,2011,June,Not Holiday,Sunday,Holiday,1,28,51,6,1920,3385,5305,2011-06,2,2011-06
2011-06-27,Fall,2011,June,Not Holiday,Monday,Working Day,2,28,66,7,854,3854,4708,2011-06,2,2011-06
2011-06-28,Fall,2011,June,Not Holiday,Tuesday,Working Day,1,31,63,10,732,3916,4648,2011-06,2,2011-06
2011-06-29,Fall,2011,June,Not Holiday,Wednesday,Working Day,1,30,50,18,848,4377,5225,2011-06,2,2011-06
2011-06-30,Fall,2011,June,Not Holiday,Thursday,Working Day,1,29,43,12,1027,4488,5515,2011-06,2,2011-06
2011-07-01,Fall,2011,July,Not Holiday,Friday,Working Day,1,30,40,7,1246,4116,5362,2011-07,2,2011-07
2011-07-02,Fall,2011,July,Not Holiday,Saturday,Holiday,1,30,44,8,2204,2915,5119,2011-07,2,2011-07
2011-07-03,Fall,2011,July,Not Holiday,Sunday,Holiday,2,29,68,15,2282,2367,4649,2011-07,2,2011-07
2011-07-04,Fall,2011,July,Holiday,Monday,Holiday,2,30,64,5,3065,2978,6043,2011-07,2,2011-07
2011-07-05,Fall,2011,July,Not Holiday,Tuesday,Working Day,1,31,59,8,1031,3634,4665,2011-07,2,2011-07
2011-07-06,Fall,2011,July,Not Holiday,Wednesday,Working Day,1,30,74,10,784,3845,4629,2011-07,2,2011-07
2011-07-07,Fall,2011,July,Not Holiday,Thursday,Working Day,1,31,65,11,754,3838,4592,2011-07,2,2011-07
2011-07-08,Fall,2011,July,Not Holiday,Friday,Working Day,2,29,76,15,692,3348,4040,2011-07,2,2011-07
2011-07-09,Fall,2011,July,Not Holiday,Saturday,Holiday,1,30,61,11,1988,3348,5336,2011-07,2,2011-07
2011-07-10,Fall,2011,July,Not Holiday,Sunday,Holiday,1,31,58,12,1743,3138,4881,2011-07,2,2011-07
2011-07-11,Fall,2011,July,Not Holiday,Monday,Working Day,1,31,64,19,723,3363,4086,2011-07,2,2011-07
2011-07-12,Fall,2011,July,Not Holiday,Tuesday,Working Day,1,33,56,13,662,3596,4258,2011-07,2,2011-07
2011-07-13,Fall,2011,July,Not Holiday,Wednesday,Working Day,1,31,63,10,748,3594,4342,2011-07,2,2011-07
2011-07-14,Fall,2011,July,Not Holiday,Thursday,Working Day,1,28,48,16,888,4196,5084,2011-07,2,2011-07
2011-07-15,Fall,2011,July,Not Holiday,Friday,Working Day,1,27,59,12,1318,4220,5538,2011-07,2,2011-07
2011-07-16,Fall,2011,July,Not Holiday,Saturday,Holiday,1,28,58,14,2418,3505,5923,2011-07,2,2011-07
2011-07-17,Fall,2011,July,Not Holiday,Sunday,Holiday,1,29,60,16,2006,3296,5302,2011-07,2,2011-07
2011-07-18,Fall,2011,July,Not Holiday,Monday,Working Day,1,31,65,14,841,3617,4458,2011-07,2,2011-07
2011-07-19,Fall,2011,July,Not Holiday,Tuesday,Working Day,1,32,65,9,752,3789,4541,2011-07,2,2011-07
2011-07-20,Fall,2011,July,Not Holiday,Wednesday,Working Day,1,32,71,8,644,3688,4332,2011-07,2,2011-07
2011-07-21,Fall,2011,July,Not Holiday,Thursday,Working Day,2,33,69,15,632,3152,3784,2011-07,2,2011-07
2011-07-22,Fall,2011,July,Not Holiday,Friday,Working Day,1,35,58,9,562,2825,3387,2011-07,2,2011-07
2011-07-23,Fall,2011,July,Not Holiday,Saturday,Holiday,1,35,50,9,987,2298,3285,2011-07,0,2011-07
2011-07-24,Fall,2011,July,Not Holiday,Sunday,Holiday,1,34,55,11,1050,2556,3606,2011-07,2,2011-07
2011-07-25,Fall,2011,July,Not Holiday,Monday,Working Day,1,30,76,6,568,3272,3840,2011-07,2,2011-07
2011-07-26,Fall,2011,July,Not Holiday,Tuesday,Working Day,1,32,54,13,750,3840,4590,2011-07,2,2011-07
2011-07-27,Fall,2011,July,Not Holiday,Wednesday,Working Day,1,32,40,12,755,3901,4656,2011-07,2,2011-07
2011-07-28,Fall,2011,July,Not Holiday,Thursday,Working Day,1,32,58,12,606,3784,4390,2011-07,2,2011-07
2011-07-29,Fall,2011,July,Not Holiday,Friday,Working Day,1,34,54,12,670,3176,3846,2011-07,2,2011-07
2011-07-30,Fall,2011,July,Not Holiday,Saturday,Holiday,1,33,47,11,1559,2916,4475,2011-07,2,2011-07
2011-07-31,Fall,2011,July,Not Holiday,Sunday,Holiday,1,33,48,11,1524,2778,4302,2011-07,2,2011-07
2011-08-01,Fall,2011,August,Not Holiday,Monday,Working Day,1,32,55,11,729,3537,4266,2011-08,2,2011-08
2011-08-02,Fall,2011,August,Not Holiday,Tuesday,Working Day,1,32,49,14,801,4044,4845,2011-08,2,2011-08
2011-08-03,Fall,2011,August,Not Holiday,Wednesday,Working Day,2,30,66,9,467,3107,3574,2011-08,2,2011-08
2011-08-04,Fall,2011,August,Not Holiday,Thursday,Working Day,2,29,76,13,799,3777,4576,2011-08,2,2011-08
2011-08-05,Fall,2011,August,Not Holiday,Friday,Working Day,1,29,63,12,1023,3843,4866,2011-08,2,2011-08
2011-08-06,Fall,2011,August,Not Holiday,Saturday,Holiday,2,29,76,15,1521,2773,4294,2011-08,2,2011-08
2011-08-07,Fall,2011,August,Not Holiday,Sunday,Holiday,1,30,75,13,1298,2487,3785,2011-08,2,2011-08
2011-08-08,Fall,2011,August,Not Holiday,Monday,Working Day,1,31,59,13,846,3480,4326,2011-08,2,2011-08
2011-08-09,Fall,2011,August,Not Holiday,Tuesday,Working Day,1,32,57,10,907,3695,4602,2011-08,2,2011-08
2011-08-10,Fall,2011,August,Not Holiday,Wednesday,Working Day,1,31,42,13,884,3896,4780,2011-08,2,2011-08
2011-08-11,Fall,2011,August,Not Holiday,Thursday,Working Day,1,29,42,11,812,3980,4792,2011-08,2,2011-08
2011-08-12,Fall,2011,August,Not Holiday,Friday,Working Day,1,29,42,8,1051,3854,4905,2011-08,2,2011-08
2011-08-13,Fall,2011,August,Not Holiday,Saturday,Holiday,2,28,73,14,1504,2646,4150,2011-08,2,2011-08
2011-08-14,Fall,2011,August,Not Holiday,Sunday,Holiday,2,28,82,15,1338,2482,3820,2011-08,2,2011-08
2011-08-15,Fall,2011,August,Not Holiday,Monday,Working Day,1,27,71,14,775,3563,4338,2011-08,2,2011-08
2011-08-16,Fall,2011,August,Not Holiday,Tuesday,Working Day,1,29,58,16,721,4004,4725,2011-08,2,2011-08
2011-08-17,Fall,2011,August,Not Holiday,Wednesday,Working Day,1,30,58,10,668,4026,4694,2011-08,2,2011-08
2011-08-18,Fall,2011,August,Not Holiday,Thursday,Working Day,1,29,65,16,639,3166,3805,2011-08,2,2011-08
2011-08-19,Fall,2011,August,Not Holiday,Friday,Working Day,2,28,72,9,797,3356,4153,2011-08,2,2011-08
2011-08-20,Fall,2011,August,Not Holiday,Saturday,Holiday,1,29,67,7,1914,3277,5191,2011-08,2,2011-08
2011-08-21,Fall,2011,August,Not Holiday,Sunday,Holiday,1,29,77,17,1249,2624,3873,2011-08,2,2011-08
2011-08-22,Fall,2011,August,Not Holiday,Monday,Working Day,1,28,47,19,833,3925,4758,2011-08,2,2011-08
2011-08-23,Fall,2011,August,Not Holiday,Tuesday,Working Day,1,26,46,10,1281,4614,5895,2011-08,1,2011-08
2011-08-24,Fall,2011,August,Not Holiday,Wednesday,Working Day,1,28,60,17,949,4181,5130,2011-08,2,2011-08
2011-08-25,Fall,2011,August,Not Holiday,Thursday,Working Day,2,28,77,14,435,3107,3542,2011-08,2,2011-08
2011-08-26,Fall,2011,August,Not Holiday,Friday,Working Day,1,29,76,6,768,3893,4661,2011-08,2,2011-08
2011-08-27,Fall,2011,August,Not Holiday,Saturday,Holiday,2,28,85,25,226,889,1115,2011-08,0,2011-08
2011-08-28,Fall,2011,August,Not Holiday,Sunday,Holiday,1,29,56,20,1415,2919,4334,2011-08,2,2011-08
2011-08-29,Fall,2011,August,Not Holiday,Monday,Working Day,1,26,55,11,729,3905,4634,2011-08,2,2011-08
2011-08-30,Fall,2011,August,Not Holiday,Tuesday,Working Day,1,26,55,8,775,4429,5204,2011-08,2,2011-08
2011-08-31,Fall,2011,August,Not Holiday,Wednesday,Working Day,1,27,60,6,688,4370,5058,2011-08,2,2011-08
2011-09-01,Fall,2011,September,Not Holiday,Thursday,Working Day,1,27,64,10,783,4332,5115,2011-09,2,2011-09
2011-09-02,Fall,2011,September,Not Holiday,Friday,Working Day,2,26,73,9,875,3852,4727,2011-09,2,2011-09
2011-09-03,Fall,2011,September,Not Holiday,Saturday,Holiday,1,27,72,12,1935,2549,4484,2011-09,2,2011-09
2011-09-04,Fall,2011,September,Not Holiday,Sunday,Holiday,1,29,74,14,2521,2419,4940,2011-09,2,2011-09
2011-09-05,Fall,2011,September,Holiday,Monday,Holiday,2,28,79,14,1236,2115,3351,2011-09,0,2011-09
2011-09-06,Fall,2011,September,Not Holiday,Tuesday,Working Day,3,22,89,23,204,2506,2710,2011-09,0,2011-09
2011-09-07,Fall,2011,September,Not Holiday,Wednesday,Working Day,3,25,92,7,118,1878,1996,2011-09,0,2011-09
2011-09-08,Fall,2011,September,Not Holiday,Thursday,Working Day,3,26,94,13,153,1689,1842,2011-09,0,2011-09
2011-09-09,Fall,2011,September,Not Holiday,Friday,Working Day,2,27,90,8,417,3127,3544,2011-09,2,2011-09
2011-09-10,Fall,2011,September,Not Holiday,Saturday,Holiday,1,27,75,10,1750,3595,5345,2011-09,2,2011-09
2011-09-11,Fall,2011,September,Not Holiday,Sunday,Holiday,1,27,71,8,1633,3413,5046,2011-09,2,2011-09
2011-09-12,Fall,2011,September,Not Holiday,Monday,Working Day,1,26,69,6,690,4023,4713,2011-09,2,2011-09
2011-09-13,Fall,2011,September,Not Holiday,Tuesday,Working Day,1,27,71,10,701,4062,4763,2011-09,2,2011-09
2011-09-14,Fall,2011,September,Not Holiday,Wednesday,Working Day,1,28,70,11,647,4138,4785,2011-09,2,2011-09
2011-09-15,Fall,2011,September,Not Holiday,Thursday,Working Day,2,24,71,18,428,3231,3659,2011-09,2,2011-09
2011-09-16,Fall,2011,September,Not Holiday,Friday,Working Day,2,19,59,11,742,4018,4760,2011-09,2,2011-09
2011-09-17,Fall,2011,September,Not Holiday,Saturday,Holiday,2,20,72,13,1434,3077,4511,2011-09,2,2011-09
2011-09-18,Fall,2011,September,Not Holiday,Sunday,Holiday,1,21,70,12,1353,2921,4274,2011-09,2,2011-09
2011-09-19,Fall,2011,September,Not Holiday,Monday,Working Day,2,23,69,10,691,3848,4539,2011-09,2,2011-09
2011-09-20,Fall,2011,September,Not Holiday,Tuesday,Working Day,2,23,88,9,438,3203,3641,2011-09,2,2011-09
2011-09-21,Fall,2011,September,Not Holiday,Wednesday,Working Day,2,24,90,6,539,3813,4352,2011-09,2,2011-09
2011-09-22,Fall,2011,September,Not Holiday,Thursday,Working Day,2,26,90,9,555,4240,4795,2011-09,2,2011-09
2011-09-23,Winter,2011,September,Not Holiday,Friday,Working Day,2,25,97,5,258,2137,2395,2011-09,0,2011-09
2011-09-24,Winter,2011,September,Not Holiday,Saturday,Holiday,2,25,86,5,1776,3647,5423,2011-09,2,2011-09
2011-09-25,Winter,2011,September,Not Holiday,Sunday,Holiday,2,26,84,3,1544,3466,5010,2011-09,2,2011-09
2011-09-26,Winter,2011,September,Not Holiday,Monday,Working Day,2,27,85,7,684,3946,4630,2011-09,2,2011-09
2011-09-27,Winter,2011,September,Not Holiday,Tuesday,Working Day,2,26,89,8,477,3643,4120,2011-09,2,2011-09
2011-09-28,Winter,2011,September,Not Holiday,Wednesday,Working Day,2,26,85,10,480,3427,3907,2011-09,2,2011-09
2011-09-29,Winter,2011,September,Not Holiday,Thursday,Working Day,1,25,70,12,653,4186,4839,2011-09,2,2011-09
2011-09-30,Winter,2011,September,Not Holiday,Friday,Working Day,1,23,65,14,830,4372,5202,2011-09,2,2011-09
2011-10-01,Winter,2011,October,Not Holiday,Saturday,Holiday,2,17,75,20,480,1949,2429,2011-10,0,2011-10
2011-10-02,Winter,2011,October,Not Holiday,Sunday,Holiday,2,15,79,15,616,2302,2918,2011-10,0,2011-10
2011-10-03,Winter,2011,October,Not Holiday,Monday,Working Day,2,16,76,6,330,3240,3570,2011-10,2,2011-10
2011-10-04,Winter,2011,October,Not Holiday,Tuesday,Working Day,1,20,71,14,486,3970,4456,2011-10,2,2011-10
2011-10-05,Winter,2011,October,Not Holiday,Wednesday,Working Day,1,22,65,12,559,4267,4826,2011-10,2,2011-10
2011-10-06,Winter,2011,October,Not Holiday,Thursday,Working Day,1,20,62,9,639,4126,4765,2011-10,2,2011-10
2011-10-07,Winter,2011,October,Not Holiday,Friday,Working Day,1,21,68,2,949,4036,4985,2011-10,2,2011-10
2011-10-08,Winter,2011,October,Not Holiday,Saturday,Holiday,1,21,70,3,2235,3174,5409,2011-10,2,2011-10
2011-10-09,Winter,2011,October,Not Holiday,Sunday,Holiday,1,22,73,4,2397,3114,5511,2011-10,2,2011-10
2011-10-10,Winter,2011,October,Holiday,Monday,Holiday,1,23,73,3,1514,3603,5117,2011-10,2,2011-10
2011-10-11,Winter,2011,October,Not Holiday,Tuesday,Working Day,2,23,81,10,667,3896,4563,2011-10,2,2011-10
2011-10-12,Winter,2011,October,Not Holiday,Wednesday,Working Day,3,22,91,17,217,2199,2416,2011-10,0,2011-10
2011-10-13,Winter,2011,October,Not Holiday,Thursday,Working Day,2,24,90,9,290,2623,2913,2011-10,0,2011-10
2011-10-14,Winter,2011,October,Not Holiday,Friday,Working Day,2,23,72,15,529,3115,3644,2011-10,2,2011-10
2011-10-15,Winter,2011,October,Not Holiday,Saturday,Holiday,1,21,48,17,1899,3318,5217,2011-10,2,2011-10
2011-10-16,Winter,2011,October,Not Holiday,Sunday,Holiday,1,21,49,19,1748,3293,5041,2011-10,2,2011-10
2011-10-17,Winter,2011,October,Not Holiday,Monday,Working Day,1,22,58,12,713,3857,4570,2011-10,2,2011-10
2011-10-18,Winter,2011,October,Not Holiday,Tuesday,Working Day,2,22,70,7,637,4111,4748,2011-10,2,2011-10
2011-10-19,Winter,2011,October,Not Holiday,Wednesday,Working Day,3,22,90,16,254,2170,2424,2011-10,0,2011-10
2011-10-20,Winter,2011,October,Not Holiday,Thursday,Working Day,1,20,64,28,471,3724,4195,2011-10,2,2011-10
2011-10-21,Winter,2011,October,Not Holiday,Friday,Working Day,1,18,57,15,676,3628,4304,2011-10,2,2011-10
2011-10-22,Winter,2011,October,Not Holiday,Saturday,Holiday,1,17,63,6,1499,2809,4308,2011-10,2,2011-10
2011-10-23,Winter,2011,October,Not Holiday,Sunday,Holiday,1,17,74,7,1619,2762,4381,2011-10,2,2011-10
2011-10-24,Winter,2011,October,Not Holiday,Monday,Working Day,1,19,77,8,699,3488,4187,2011-10,2,2011-10
2011-10-25,Winter,2011,October,Not Holiday,Tuesday,Working Day,1,19,62,11,695,3992,4687,2011-10,2,2011-10
2011-10-26,Winter,2011,October,Not Holiday,Wednesday,Working Day,2,20,72,10,404,3490,3894,2011-10,2,2011-10
2011-10-27,Winter,2011,October,Not Holiday,Thursday,Working Day,2,19,81,13,240,2419,2659,2011-10,0,2011-10
2011-10-28,Winter,2011,October,Not Holiday,Friday,Working Day,2,14,59,15,456,3291,3747,2011-10,2,2011-10
2011-10-29,Winter,2011,October,Not Holiday,Saturday,Holiday,3,10,88,24,57,570,627,2011-10,0,2011-10
2011-10-30,Winter,2011,October,Not Holiday,Sunday,Holiday,1,13,62,12,885,2446,3331,2011-10,0,2011-10
2011-10-31,Winter,2011,October,Not Holiday,Monday,Working Day,1,14,70,7,362,3307,3669,2011-10,2,2011-10
2011-11-01,Winter,2011,November,Not Holiday,Tuesday,Working Day,1,16,68,9,410,3658,4068,2011-11,2,2011-11
2011-11-02,Winter,2011,November,Not Holiday,Wednesday,Working Day,1,15,72,6,370,3816,4186,2011-11,2,2011-11
2011-11-03,Winter,2011,November,Not Holiday,Thursday,Working Day,1,17,70,9,318,3656,3974,2011-11,2,2011-11
2011-11-04,Winter,2011,November,Not Holiday,Friday,Working Day,2,17,62,18,470,3576,4046,2011-11,2,2011-11
2011-11-05,Winter,2011,November,Not Holiday,Saturday,Holiday,1,13,52,13,1156,2770,3926,2011-11,2,2011-11
2011-11-06,Winter,2011,November,Not Holiday,Sunday,Holiday,1,14,73,6,952,2697,3649,2011-11,2,2011-11
2011-11-07,Winter,2011,November,Not Holiday,Monday,Working Day,1,16,76,4,373,3662,4035,2011-11,2,2011-11
2011-11-08,Winter,2011,November,Not Holiday,Tuesday,Working Day,1,17,72,5,376,3829,4205,2011-11,2,2011-11
2011-11-09,Winter,2011,November,Not Holiday,Wednesday,Working Day,1,16,76,4,305,3804,4109,2011-11,2,2011-11
2011-11-10,Winter,2011,November,Not Holiday,Thursday,Working Day,2,16,81,13,190,2743,2933,2011-11,0,2011-11
2011-11-11,Winter,2011,November,Holiday,Friday,Holiday,1,13,45,21,440,2928,3368,2011-11,2,2011-11
2011-11-12,Winter,2011,November,Not Holiday,Saturday,Holiday,1,15,55,14,1275,2792,4067,2011-11,2,2011-11
2011-11-13,Winter,2011,November,Not Holiday,Sunday,Holiday,1,18,46,19,1004,2713,3717,2011-11,2,2011-11
2011-11-14,Winter,2011,November,Not Holiday,Monday,Working Day,1,22,59,21,595,3891,4486,2011-11,2,2011-11
2011-11-15,Winter,2011,November,Not Holiday,Tuesday,Working Day,2,22,69,13,449,3746,4195,2011-11,2,2011-11
2011-11-16,Winter,2011,November,Not Holiday,Wednesday,Working Day,3,19,93,9,145,1672,1817,2011-11,0,2011-11
2011-11-17,Winter,2011,November,Not Holiday,Thursday,Working Day,2,14,58,20,139,2914,3053,2011-11,2,2011-11
2011-11-18,Winter,2011,November,Not Holiday,Friday,Working Day,1,11,41,11,245,3147,3392,2011-11,2,2011-11
2011-11-19,Winter,2011,November,Not Holiday,Saturday,Holiday,1,13,50,15,943,2720,3663,2011-11,2,2011-11
2011-11-20,Winter,2011,November,Not Holiday,Sunday,Holiday,2,19,68,12,787,2733,3520,2011-11,2,2011-11
2011-11-21,Winter,2011,November,Not Holiday,Monday,Working Day,3,18,91,9,220,2545,2765,2011-11,0,2011-11
2011-11-22,Winter,2011,November,Not Holiday,Tuesday,Working Day,3,17,96,8,69,1538,1607,2011-11,0,2011-11
2011-11-23,Winter,2011,November,Not Holiday,Wednesday,Working Day,2,18,76,23,112,2454,2566,2011-11,0,2011-11
2011-11-24,Winter,2011,November,Holiday,Thursday,Holiday,1,15,55,11,560,935,1495,2011-11,0,2011-11
2011-11-25,Winter,2011,November,Not Holiday,Friday,Working Day,1,15,64,7,1095,1697,2792,2011-11,0,2011-11
2011-11-26,Winter,2011,November,Not Holiday,Saturday,Holiday,1,15,68,5,1249,1819,3068,2011-11,0,2011-11
2011-11-27,Winter,2011,November,Not Holiday,Sunday,Holiday,1,19,70,14,810,2261,3071,2011-11,0,2011-11
2011-11-28,Winter,2011,November,Not Holiday,Monday,Working Day,1,21,74,10,253,3614,3867,2011-11,2,2011-11
2011-11-29,Winter,2011,November,Not Holiday,Tuesday,Working Day,2,19,83,17,96,2818,2914,2011-11,2,2011-11
2011-11-30,Winter,2011,November,Not Holiday,Wednesday,Working Day,1,13,61,18,188,3425,3613,2011-11,2,2011-11
2011-12-01,Winter,2011,December,Not Holiday,Thursday,Working Day,1,13,52,15,182,3545,3727,2011-12,2,2011-12
2011-12-02,Winter,2011,December,Not Holiday,Friday,Working Day,1,13,63,7,268,3672,3940,2011-12,2,2011-12
2011-12-03,Winter,2011,December,Not Holiday,Saturday,Holiday,1,12,61,6,706,2908,3614,2011-12,2,2011-12
2011-12-04,Winter,2011,December,Not Holiday,Sunday,Holiday,1,14,78,6,634,2851,3485,2011-12,2,2011-12
2011-12-05,Winter,2011,December,Not Holiday,Monday,Working Day,2,16,83,4,233,3578,3811,2011-12,2,2011-12
2011-12-06,Winter,2011,December,Not Holiday,Tuesday,Working Day,3,19,95,16,126,2468,2594,2011-12,0,2011-12
2011-12-07,Winter,2011,December,Not Holiday,Wednesday,Working Day,3,17,97,18,50,655,705,2011-12,0,2011-12
2011-12-08,Winter,2011,December,Not Holiday,Thursday,Working Day,1,11,58,16,150,3172,3322,2011-12,2,2011-12
2011-12-09,Winter,2011,December,Not Holiday,Friday,Working Day,1,12,70,6,261,3359,3620,2011-12,2,2011-12
2011-12-10,Winter,2011,December,Not Holiday,Saturday,Holiday,1,11,51,16,502,2688,3190,2011-12,2,2011-12
2011-12-11,Winter,2011,December,Not Holiday,Sunday,Holiday,1,9,49,4,377,2366,2743,2011-12,0,2011-12
2011-12-12,Winter,2011,December,Not Holiday,Monday,Working Day,1,10,67,4,143,3167,3310,2011-12,2,2011-12
2011-12-13,Winter,2011,December,Not Holiday,Tuesday,Working Day,1,12,59,9,155,3368,3523,2011-12,2,2011-12
2011-12-14,Winter,2011,December,Not Holiday,Wednesday,Working Day,2,13,66,4,178,3562,3740,2011-12,2,2011-12
2011-12-15,Winter,2011,December,Not Holiday,Thursday,Working Day,2,17,63,18,181,3528,3709,2011-12,2,2011-12
2011-12-16,Winter,2011,December,Not Holiday,Friday,Working Day,2,15,50,17,178,3399,3577,2011-12,2,2011-12
2011-12-17,Winter,2011,December,Not Holiday,Saturday,Holiday,2,11,56,16,275,2464,2739,2011-12,0,2011-12
2011-12-18,Winter,2011,December,Not Holiday,Sunday,Holiday,1,10,59,11,220,2211,2431,2011-12,0,2011-12
2011-12-19,Winter,2011,December,Not Holiday,Monday,Working Day,1,11,64,12,260,3143,3403,2011-12,2,2011-12
2011-12-20,Winter,2011,December,Not Holiday,Tuesday,Working Day,2,16,60,4,216,3534,3750,2011-12,2,2011-12
2011-12-21,Spring,2011,December,Not Holiday,Wednesday,Working Day,2,18,86,15,107,2553,2660,2011-12,0,2011-12
2011-12-22,Spring,2011,December,Not Holiday,Thursday,Working Day,2,17,76,3,227,2841,3068,2011-12,2,2011-12
2011-12-23,Spring,2011,December,Not Holiday,Friday,Working Day,1,15,69,18,163,2046,2209,2011-12,0,2011-12
2011-12-24,Spring,2011,December,Not Holiday,Saturday,Holiday,1,12,54,13,155,856,1011,2011-12,0,2011-12
2011-12-25,Spring,2011,December,Not Holiday,Sunday,Holiday,1,11,68,10,303,451,754,2011-12,0,2011-12
2011-12-26,Spring,2011,December,Holiday,Monday,Holiday,1,13,51,16,430,887,1317,2011-12,0,2011-12
2011-12-27,Spring,2011,December,Not Holiday,Tuesday,Working Day,2,13,76,13,103,1059,1162,2011-12,0,2011-12
2011-12-28,Spring,2011,December,Not Holiday,Wednesday,Working Day,1,12,50,20,255,2047,2302,2011-12,0,2011-12
2011-12-29,Spring,2011,December,Not Holiday,Thursday,Working Day,1,10,57,8,254,2169,2423,2011-12,0,2011-12
2011-12-30,Spring,2011,December,Not Holiday,Friday,Working Day,1,13,64,9,491,2508,2999,2011-12,0,2011-12
2011-12-31,Spring,2011,December,Not Holiday,Saturday,Holiday,1,17,62,15,665,1820,2485,2011-12,0,2011-12
2012-01-01,Spring,2012,January,Not Holiday,Sunday,Holiday,1,15,69,13,686,1608,2294,2012-01,0,2012-01
2012-01-02,Spring,2012,January,Holiday,Monday,Holiday,1,11,38,22,244,1707,1951,2012-01,0,2012-01
2012-01-03,Spring,2012,January,Not Holiday,Tuesday,Working Day,1,6,44,24,89,2147,2236,2012-01,0,2012-01
2012-01-04,Spring,2012,January,Not Holiday,Wednesday,Working Day,2,4,41,12,95,2273,2368,2012-01,0,2012-01
2012-01-05,Spring,2012,January,Not Holiday,Thursday,Working Day,1,11,52,9,140,3132,3272,2012-01,2,2012-01
2012-01-06,Spring,2012,January,Not Holiday,Friday,Working Day,1,14,54,11,307,3791,4098,2012-01,2,2012-01
2012-01-07,Spring,2012,January,Not Holiday,Saturday,Holiday,1,16,53,12,1070,3451,4521,2012-01,2,2012-01
2012-01-08,Spring,2012,January,Not Holiday,Sunday,Holiday,1,14,46,13,599,2826,3425,2012-01,2,2012-01
2012-01-09,Spring,2012,January,Not Holiday,Monday,Working Day,2,9,70,7,106,2270,2376,2012-01,0,2012-01
2012-01-10,Spring,2012,January,Not Holiday,Tuesday,Working Day,1,13,65,13,173,3425,3598,2012-01,2,2012-01
2012-01-11,Spring,2012,January,Not Holiday,Wednesday,Working Day,2,11,85,9,92,2085,2177,2012-01,0,2012-01
2012-01-12,Spring,2012,January,Not Holiday,Thursday,Working Day,2,16,80,12,269,3828,4097,2012-01,2,2012-01
2012-01-13,Spring,2012,January,Not Holiday,Friday,Working Day,1,11,51,25,174,3040,3214,2012-01,2,2012-01
2012-01-14,Spring,2012,January,Not Holiday,Saturday,Holiday,1,7,46,13,333,2160,2493,2012-01,0,2012-01
2012-01-15,Spring,2012,January,Not Holiday,Sunday,Holiday,1,7,42,17,284,2027,2311,2012-01,0,2012-01
2012-01-16,Spring,2012,January,Holiday,Monday,Holiday,1,8,52,16,217,2081,2298,2012-01,0,2012-01
2012-01-17,Spring,2012,January,Not Holiday,Tuesday,Working Day,2,15,72,23,127,2808,2935,2012-01,2,2012-01
2012-01-18,Spring,2012,January,Not Holiday,Wednesday,Working Day,1,12,44,28,109,3267,3376,2012-01,2,2012-01
2012-01-19,Spring,2012,January,Not Holiday,Thursday,Working Day,1,8,50,15,130,3162,3292,2012-01,2,2012-01
2012-01-20,Spring,2012,January,Not Holiday,Friday,Working Day,2,9,45,14,115,3048,3163,2012-01,2,2012-01
2012-01-21,Spring,2012,January,Not Holiday,Saturday,Holiday,2,7,83,15,67,1234,1301,2012-01,0,2012-01
2012-01-22,Spring,2012,January,Not Holiday,Sunday,Holiday,2,7,80,13,196,1781,1977,2012-01,0,2012-01
2012-01-23,Spring,2012,January,Not Holiday,Monday,Working Day,2,9,91,7,145,2287,2432,2012-01,0,2012-01
2012-01-24,Spring,2012,January,Not Holiday,Tuesday,Working Day,1,14,84,8,439,3900,4339,2012-01,2,2012-01
2012-01-25,Spring,2012,January,Not Holiday,Wednesday,Working Day,1,12,64,11,467,3803,4270,2012-01,2,2012-01
2012-01-26,Spring,2012,January,Not Holiday,Thursday,Working Day,2,14,77,5,244,3831,4075,2012-01,2,2012-01
2012-01-27,Spring,2012,January,Not Holiday,Friday,Working Day,2,17,74,23,269,3187,3456,2012-01,2,2012-01
2012-01-28,Spring,2012,January,Not Holiday,Saturday,Holiday,1,13,54,14,775,3248,4023,2012-01,2,2012-01
2012-01-29,Spring,2012,January,Not Holiday,Sunday,Holiday,1,12,31,16,558,2685,3243,2012-01,2,2012-01
2012-01-30,Spring,2012,January,Not Holiday,Monday,Working Day,1,11,40,14,126,3498,3624,2012-01,2,2012-01
2012-01-31,Spring,2012,January,Not Holiday,Tuesday,Working Day,1,16,42,18,324,4185,4509,2012-01,2,2012-01
2012-02-01,Spring,2012,February,Not Holiday,Wednesday,Working Day,1,19,51,13,304,4275,4579,2012-02,2,2012-02
2012-02-02,Spring,2012,February,Not Holiday,Thursday,Working Day,2,16,67,13,190,3571,3761,2012-02,2,2012-02
2012-02-03,Spring,2012,February,Not Holiday,Friday,Working Day,1,13,53,12,310,3841,4151,2012-02,2,2012-02
2012-02-04,Spring,2012,February,Not Holiday,Saturday,Holiday,2,11,78,8,384,2448,2832,2012-02,0,2012-02
2012-02-05,Spring,2012,February,Not Holiday,Sunday,Holiday,2,11,69,12,318,2629,2947,2012-02,0,2012-02
2012-02-06,Spring,2012,February,Not Holiday,Monday,Working Day,1,12,62,10,206,3578,3784,2012-02,2,2012-02
2012-02-07,Spring,2012,February,Not Holiday,Tuesday,Working Day,1,15,50,10,199,4176,4375,2012-02,2,2012-02
2012-02-08,Spring,2012,February,Not Holiday,Wednesday,Working Day,2,11,72,9,109,2693,2802,2012-02,0,2012-02
2012-02-09,Spring,2012,February,Not Holiday,Thursday,Working Day,1,11,56,13,163,3667,3830,2012-02,2,2012-02
2012-02-10,Spring,2012,February,Not Holiday,Friday,Working Day,2,12,54,8,227,3604,3831,2012-02,2,2012-02
2012-02-11,Spring,2012,February,Not Holiday,Saturday,Holiday,3,9,73,19,192,1977,2169,2012-02,0,2012-02
2012-02-12,Spring,2012,February,Not Holiday,Sunday,Holiday,1,5,46,27,73,1456,1529,2012-02,0,2012-02
2012-02-13,Spring,2012,February,Not Holiday,Monday,Working Day,1,9,41,11,94,3328,3422,2012-02,2,2012-02
2012-02-14,Spring,2012,February,Not Holiday,Tuesday,Working Day,2,13,51,9,135,3787,3922,2012-02,2,2012-02
2012-02-15,Spring,2012,February,Not Holiday,Wednesday,Working Day,1,14,53,12,141,4028,4169,2012-02,2,2012-02
2012-02-16,Spring,2012,February,Not Holiday,Thursday,Working Day,2,13,75,6,74,2931,3005,2012-02,2,2012-02
2012-02-17,Spring,2012,February,Not Holiday,Friday,Working Day,1,14,63,14,349,3805,4154,2012-02,2,2012-02
2012-02-18,Spring,2012,February,Not Holiday,Saturday,Holiday,1,14,53,13,1435,2883,4318,2012-02,2,2012-02
2012-02-19,Spring,2012,February,Not Holiday,Sunday,Holiday,2,11,52,17,618,2071,2689,2012-02,0,2012-02
2012-02-20,Spring,2012,February,Holiday,Monday,Holiday,1,11,51,15,502,2627,3129,2012-02,0,2012-02
2012-02-21,Spring,2012,February,Not Holiday,Tuesday,Working Day,1,12,59,14,163,3614,3777,2012-02,2,2012-02
2012-02-22,Spring,2012,February,Not Holiday,Wednesday,Working Day,1,16,57,16,394,4379,4773,2012-02,2,2012-02
2012-02-23,Spring,2012,February,Not Holiday,Thursday,Working Day,1,19,55,13,516,4546,5062,2012-02,2,2012-02
2012-02-24,Spring,2012,February,Not Holiday,Friday,Working Day,2,17,74,16,246,3241,3487,2012-02,2,2012-02
2012-02-25,Spring,2012,February,Not Holiday,Saturday,Holiday,1,12,40,28,317,2415,2732,2012-02,0,2012-02
2012-02-26,Spring,2012,February,Not Holiday,Sunday,Holiday,1,11,41,14,515,2874,3389,2012-02,2,2012-02
2012-02-27,Spring,2012,February,Not Holiday,Monday,Working Day,1,15,49,18,253,4069,4322,2012-02,2,2012-02
2012-02-28,Spring,2012,February,Not Holiday,Tuesday,Working Day,1,15,40,13,229,4134,4363,2012-02,2,2012-02
2012-02-29,Spring,2012,February,Not Holiday,Wednesday,Working Day,2,14,80,12,65,1769,1834,2012-02,0,2012-02
2012-03-01,Spring,2012,March,Not Holiday,Thursday,Working Day,1,20,62,15,325,4665,4990,2012-03,2,2012-03
2012-03-02,Spring,2012,March,Not Holiday,Friday,Working Day,2,14,66,10,246,2948,3194,2012-03,2,2012-03
2012-03-03,Spring,2012,March,Not Holiday,Saturday,Holiday,2,17,62,11,956,3110,4066,2012-03,2,2012-03
2012-03-04,Spring,2012,March,Not Holiday,Sunday,Holiday,1,13,40,22,710,2713,3423,2012-03,2,2012-03
2012-03-05,Spring,2012,March,Not Holiday,Monday,Working Day,1,10,51,15,203,3130,3333,2012-03,2,2012-03
2012-03-06,Spring,2012,March,Not Holiday,Tuesday,Working Day,1,11,46,13,221,3735,3956,2012-03,2,2012-03
2012-03-07,Spring,2012,March,Not Holiday,Wednesday,Working Day,1,17,51,23,432,4484,4916,2012-03,2,2012-03
2012-03-08,Spring,2012,March,Not Holiday,Thursday,Working Day,1,22,57,30,486,4896,5382,2012-03,1,2012-03
2012-03-09,Spring,2012,March,Not Holiday,Friday,Working Day,2,17,41,28,447,4122,4569,2012-03,2,2012-03
2012-03-10,Spring,2012,March,Not Holiday,Saturday,Holiday,1,12,35,15,968,3150,4118,2012-03,2,2012-03
2012-03-11,Spring,2012,March,Not Holiday,Sunday,Holiday,1,15,48,15,1658,3253,4911,2012-03,2,2012-03
2012-03-12,Spring,2012,March,Not Holiday,Monday,Working Day,1,19,49,14,838,4460,5298,2012-03,2,2012-03
2012-03-13,Spring,2012,March,Not Holiday,Tuesday,Working Day,1,23,62,16,762,5085,5847,2012-03,1,2012-03
2012-03-14,Spring,2012,March,Not Holiday,Wednesday,Working Day,1,23,51,8,997,5315,6312,2012-03,1,2012-03
2012-03-15,Spring,2012,March,Not Holiday,Thursday,Working Day,1,23,58,10,1005,5187,6192,2012-03,1,2012-03
2012-03-16,Spring,2012,March,Not Holiday,Friday,Working Day,2,18,84,8,548,3830,4378,2012-03,2,2012-03
2012-03-17,Spring,2012,March,Not Holiday,Saturday,Holiday,2,21,76,7,3155,4681,7836,2012-03,1,2012-03
2012-03-18,Spring,2012,March,Not Holiday,Sunday,Holiday,2,19,81,9,2207,3685,5892,2012-03,2,2012-03
2012-03-19,Spring,2012,March,Not Holiday,Monday,Working Day,1,22,73,11,982,5171,6153,2012-03,1,2012-03
2012-03-20,Spring,2012,March,Not Holiday,Tuesday,Working Day,1,23,81,8,1051,5042,6093,2012-03,1,2012-03
2012-03-21,Summer,2012,March,Not Holiday,Wednesday,Working Day,2,22,82,6,1122,5108,6230,2012-03,1,2012-03
2012-03-22,Summer,2012,March,Not Holiday,Thursday,Working Day,1,23,83,8,1334,5537,6871,2012-03,1,2012-03
2012-03-23,Summer,2012,March,Not Holiday,Friday,Working Day,2,25,69,8,2469,5893,8362,2012-03,1,2012-03
2012-03-24,Summer,2012,March,Not Holiday,Saturday,Holiday,2,21,89,13,1033,2339,3372,2012-03,0,2012-03
2012-03-25,Summer,2012,March,Not Holiday,Sunday,Holiday,2,18,88,15,1532,3464,4996,2012-03,2,2012-03
2012-03-26,Summer,2012,March,Not Holiday,Monday,Working Day,1,18,48,26,795,4763,5558,2012-03,1,2012-03
2012-03-27,Summer,2012,March,Not Holiday,Tuesday,Working Day,1,13,29,13,531,4571,5102,2012-03,2,2012-03
2012-03-28,Summer,2012,March,Not Holiday,Wednesday,Working Day,1,20,48,20,674,5024,5698,2012-03,1,2012-03
2012-03-29,Summer,2012,March,Not Holiday,Thursday,Working Day,1,20,44,21,834,5299,6133,2012-03,1,2012-03
2012-03-30,Summer,2012,March,Not Holiday,Friday,Working Day,2,15,58,9,796,4663,5459,2012-03,1,2012-03
2012-03-31,Summer,2012,March,Not Holiday,Saturday,Holiday,2,17,74,17,2301,3934,6235,2012-03,2,2012-03
2012-04-01,Summer,2012,April,Not Holiday,Sunday,Holiday,2,17,68,12,2347,3694,6041,2012-04,2,2012-04
2012-04-02,Summer,2012,April,Not Holiday,Monday,Working Day,1,18,50,21,1208,4728,5936,2012-04,1,2012-04
2012-04-03,Summer,2012,April,Not Holiday,Tuesday,Working Day,1,19,40,7,1348,5424,6772,2012-04,1,2012-04
2012-04-04,Summer,2012,April,Not Holiday,Wednesday,Working Day,1,22,47,12,1058,5378,6436,2012-04,1,2012-04
2012-04-05,Summer,2012,April,Not Holiday,Thursday,Working Day,1,18,37,15,1192,5265,6457,2012-04,1,2012-04
2012-04-06,Summer,2012,April,Not Holiday,Friday,Working Day,1,17,38,20,1807,4653,6460,2012-04,1,2012-04
2012-04-07,Summer,2012,April,Not Holiday,Saturday,Holiday,1,18,25,18,3252,3605,6857,2012-04,2,2012-04
2012-04-08,Summer,2012,April,Not Holiday,Sunday,Holiday,1,20,28,16,2230,2939,5169,2012-04,2,2012-04
2012-04-09,Summer,2012,April,Not Holiday,Monday,Working Day,1,20,32,24,905,4680,5585,2012-04,1,2012-04
2012-04-10,Summer,2012,April,Not Holiday,Tuesday,Working Day,1,18,44,17,819,5099,5918,2012-04,1,2012-04
2012-04-11,Summer,2012,April,Not Holiday,Wednesday,Working Day,1,14,47,20,482,4380,4862,2012-04,2,2012-04
2012-04-12,Summer,2012,April,Not Holiday,Thursday,Working Day,1,16,47,19,663,4746,5409,2012-04,1,2012-04
2012-04-13,Summer,2012,April,Not Holiday,Friday,Working Day,1,18,41,10,1252,5146,6398,2012-04,1,2012-04
2012-04-14,Summer,2012,April,Not Holiday,Saturday,Holiday,1,20,50,13,2795,4665,7460,2012-04,1,2012-04
2012-04-15,Summer,2012,April,Not Holiday,Sunday,Holiday,1,25,51,15,2846,4286,7132,2012-04,2,2012-04
2012-04-16,Summer,2012,April,Holiday,Monday,Holiday,1,27,56,19,1198,5172,6370,2012-04,1,2012-04
2012-04-17,Summer,2012,April,Not Holiday,Tuesday,Working Day,1,25,39,18,989,5702,6691,2012-04,1,2012-04
2012-04-18,Summer,2012,April,Not Holiday,Wednesday,Working Day,2,19,57,11,347,4020,4367,2012-04,2,2012-04
2012-04-19,Summer,2012,April,Not Holiday,Thursday,Working Day,1,20,61,4,846,5719,6565,2012-04,1,2012-04
2012-04-20,Summer,2012,April,Not Holiday,Friday,Working Day,1,22,69,10,1340,5950,7290,2012-04,1,2012-04
2012-04-21,Summer,2012,April,Not Holiday,Saturday,Holiday,1,23,68,19,2541,4083,6624,2012-04,2,2012-04
2012-04-22,Summer,2012,April,Not Holiday,Sunday,Holiday,3,16,84,23,120,907,1027,2012-04,0,2012-04
2012-04-23,Summer,2012,April,Not Holiday,Monday,Working Day,2,13,77,20,195,3019,3214,2012-04,2,2012-04
2012-04-24,Summer,2012,April,Not Holiday,Tuesday,Working Day,1,17,45,17,518,5115,5633,2012-04,1,2012-04
2012-04-25,Summer,2012,April,Not Holiday,Wednesday,Working Day,1,20,43,8,655,5541,6196,2012-04,1,2012-04
2012-04-26,Summer,2012,April,Not Holiday,Thursday,Working Day,2,20,76,12,475,4551,5026,2012-04,2,2012-04
2012-04-27,Summer,2012,April,Not Holiday,Friday,Working Day,1,19,40,23,1014,5219,6233,2012-04,1,2012-04
2012-04-28,Summer,2012,April,Not Holiday,Saturday,Holiday,2,15,49,9,1120,3100,4220,2012-04,2,2012-04
2012-04-29,Summer,2012,April,Not Holiday,Sunday,Holiday,1,19,59,8,2229,4075,6304,2012-04,2,2012-04
2012-04-30,Summer,2012,April,Not Holiday,Monday,Working Day,2,19,57,11,665,4907,5572,2012-04,1,2012-04
2012-05-01,Summer,2012,May,Not Holiday,Tuesday,Working Day,2,25,66,10,653,5087,5740,2012-05,1,2012-05
2012-05-02,Summer,2012,May,Not Holiday,Wednesday,Working Day,1,23,80,9,667,5502,6169,2012-05,1,2012-05
2012-05-03,Summer,2012,May,Not Holiday,Thursday,Working Day,2,23,77,9,764,5657,6421,2012-05,1,2012-05
2012-05-04,Summer,2012,May,Not Holiday,Friday,Working Day,1,26,74,11,1069,5227,6296,2012-05,1,2012-05
2012-05-05,Summer,2012,May,Not Holiday,Saturday,Holiday,2,25,76,10,2496,4387,6883,2012-05,2,2012-05
2012-05-06,Summer,2012,May,Not Holiday,Sunday,Holiday,2,23,74,10,2135,4224,6359,2012-05,2,2012-05
2012-05-07,Summer,2012,May,Not Holiday,Monday,Working Day,2,22,66,15,1008,5265,6273,2012-05,1,2012-05
2012-05-08,Summer,2012,May,Not Holiday,Tuesday,Working Day,2,24,69,20,738,4990,5728,2012-05,1,2012-05
2012-05-09,Summer,2012,May,Not Holiday,Wednesday,Working Day,2,24,74,14,620,4097,4717,2012-05,2,2012-05
2012-05-10,Summer,2012,May,Not Holiday,Thursday,Working Day,1,21,55,21,1026,5546,6572,2012-05,1,2012-05
2012-05-11,Summer,2012,May,Not Holiday,Friday,Working Day,1,22,36,16,1319,5711,7030,2012-05,1,2012-05
2012-05-12,Summer,2012,May,Not Holiday,Saturday,Holiday,1,23,48,8,2622,4807,7429,2012-05,1,2012-05
2012-05-13,Summer,2012,May,Not Holiday,Sunday,Holiday,1,25,58,15,2172,3946,6118,2012-05,2,2012-05
2012-05-14,Summer,2012,May,Not Holiday,Monday,Working Day,2,24,79,14,342,2501,2843,2012-05,0,2012-05
2012-05-15,Summer,2012,May,Not Holiday,Tuesday,Working Day,2,25,79,10,625,4490,5115,2012-05,2,2012-05
2012-05-16,Summer,2012,May,Not Holiday,Wednesday,Working Day,1,26,70,8,991,6433,7424,2012-05,1,2012-05
2012-05-17,Summer,2012,May,Not Holiday,Thursday,Working Day,1,24,52,15,1242,6142,7384,2012-05,1,2012-05
2012-05-18,Summer,2012,May,Not Holiday,Friday,Working Day,1,23,52,9,1521,6118,7639,2012-05,1,2012-05
2012-05-19,Summer,2012,May,Not Holiday,Saturday,Holiday,1,25,46,6,3410,4884,8294,2012-05,1,2012-05
2012-05-20,Summer,2012,May,Not Holiday,Sunday,Holiday,1,25,53,17,2704,4425,7129,2012-05,1,2012-05
2012-05-21,Summer,2012,May,Not Holiday,Monday,Working Day,2,25,81,16,630,3729,4359,2012-05,2,2012-05
2012-05-22,Summer,2012,May,Not Holiday,Tuesday,Working Day,2,25,77,8,819,5254,6073,2012-05,1,2012-05
2012-05-23,Summer,2012,May,Not Holiday,Wednesday,Working Day,2,25,77,7,766,4494,5260,2012-05,2,2012-05
2012-05-24,Summer,2012,May,Not Holiday,Thursday,Working Day,1,27,72,12,1059,5711,6770,2012-05,1,2012-05
2012-05-25,Summer,2012,May,Not Holiday,Friday,Working Day,1,28,75,9,1417,5317,6734,2012-05,1,2012-05
2012-05-26,Summer,2012,May,Not Holiday,Saturday,Holiday,1,28,73,13,2855,3681,6536,2012-05,2,2012-05
2012-05-27,Summer,2012,May,Not Holiday,Sunday,Holiday,1,28,70,14,3283,3308,6591,2012-05,2,2012-05
2012-05-28,Summer,2012,May,Holiday,Monday,Holiday,1,29,68,13,2557,3486,6043,2012-05,2,2012-05
2012-05-29,Summer,2012,May,Not Holiday,Tuesday,Working Day,1,30,68,20,880,4863,5743,2012-05,1,2012-05
2012-05-30,Summer,2012,May,Not Holiday,Wednesday,Working Day,2,27,67,9,745,6110,6855,2012-05,1,2012-05
2012-05-31,Summer,2012,May,Not Holiday,Thursday,Working Day,1,28,49,13,1100,6238,7338,2012-05,1,2012-05
2012-06-01,Summer,2012,June,Not Holiday,Friday,Working Day,2,27,76,16,533,3594,4127,2012-06,2,2012-06
2012-06-02,Summer,2012,June,Not Holiday,Saturday,Holiday,1,24,55,12,2795,5325,8120,2012-06,1,2012-06
2012-06-03,Summer,2012,June,Not Holiday,Sunday,Holiday,1,25,49,12,2494,5147,7641,2012-06,1,2012-06
2012-06-04,Summer,2012,June,Not Holiday,Monday,Working Day,1,24,49,19,1071,5927,6998,2012-06,1,2012-06
2012-06-05,Summer,2012,June,Not Holiday,Tuesday,Working Day,2,22,61,14,968,6033,7001,2012-06,1,2012-06
2012-06-06,Summer,2012,June,Not Holiday,Wednesday,Working Day,1,23,61,5,1027,6028,7055,2012-06,1,2012-06
2012-06-07,Summer,2012,June,Not Holiday,Thursday,Working Day,1,25,57,11,1038,6456,7494,2012-06,1,2012-06
2012-06-08,Summer,2012,June,Not Holiday,Friday,Working Day,1,27,47,12,1488,6248,7736,2012-06,1,2012-06
2012-06-09,Summer,2012,June,Not Holiday,Saturday,Holiday,1,29,44,10,2708,4790,7498,2012-06,1,2012-06
2012-06-10,Summer,2012,June,Not Holiday,Sunday,Holiday,1,30,54,9,2224,4374,6598,2012-06,2,2012-06
2012-06-11,Summer,2012,June,Not Holiday,Monday,Working Day,2,30,59,14,1017,5647,6664,2012-06,1,2012-06
2012-06-12,Summer,2012,June,Not Holiday,Tuesday,Working Day,2,27,83,14,477,4495,4972,2012-06,2,2012-06
2012-06-13,Summer,2012,June,Not Holiday,Wednesday,Working Day,1,27,58,23,1173,6248,7421,2012-06,1,2012-06
2012-06-14,Summer,2012,June,Not Holiday,Thursday,Working Day,1,27,57,17,1180,6183,7363,2012-06,1,2012-06
2012-06-15,Summer,2012,June,Not Holiday,Friday,Working Day,1,26,59,12,1563,6102,7665,2012-06,1,2012-06
2012-06-16,Summer,2012,June,Not Holiday,Saturday,Holiday,1,26,50,11,2963,4739,7702,2012-06,1,2012-06
2012-06-17,Summer,2012,June,Not Holiday,Sunday,Holiday,1,24,60,10,2634,4344,6978,2012-06,2,2012-06
2012-06-18,Summer,2012,June,Not Holiday,Monday,Working Day,2,23,78,12,653,4446,5099,2012-06,2,2012-06
2012-06-19,Summer,2012,June,Not Holiday,Tuesday,Working Day,1,28,69,10,968,5857,6825,2012-06,1,2012-06
2012-06-20,Summer,2012,June,Not Holiday,Wednesday,Working Day,1,32,59,8,872,5339,6211,2012-06,1,2012-06
2012-06-21,Fall,2012,June,Not Holiday,Thursday,Working Day,1,33,57,8,778,5127,5905,2012-06,1,2012-06
2012-06-22,Fall,2012,June,Not Holiday,Friday,Working Day,1,32,57,12,964,4859,5823,2012-06,1,2012-06
2012-06-23,Fall,2012,June,Not Holiday,Saturday,Holiday,1,30,53,12,2657,4801,7458,2012-06,1,2012-06
2012-06-24,Fall,2012,June,Not Holiday,Sunday,Holiday,1,30,48,10,2551,4340,6891,2012-06,2,2012-06
2012-06-25,Fall,2012,June,Not Holiday,Monday,Working Day,1,29,50,20,1139,5640,6779,2012-06,1,2012-06
2012-06-26,Fall,2012,June,Not Holiday,Tuesday,Working Day,1,26,37,23,1077,6365,7442,2012-06,1,2012-06
2012-06-27,Fall,2012,June,Not Holiday,Wednesday,Working Day,1,29,36,18,1077,6258,7335,2012-06,1,2012-06
2012-06-28,Fall,2012,June,Not Holiday,Thursday,Working Day,1,31,42,12,921,5958,6879,2012-06,1,2012-06
2012-06-29,Fall,2012,June,Not Holiday,Friday,Working Day,1,34,49,11,829,4634,5463,2012-06,1,2012-06
2012-06-30,Fall,2012,June,Not Holiday,Saturday,Holiday,1,31,60,11,1455,4232,5687,2012-06,2,2012-06
2012-07-01,Fall,2012,July,Not Holiday,Sunday,Holiday,1,33,52,11,1421,4110,5531,2012-07,2,2012-07
2012-07-02,Fall,2012,July,Not Holiday,Monday,Working Day,1,32,45,13,904,5323,6227,2012-07,1,2012-07
2012-07-03,Fall,2012,July,Not Holiday,Tuesday,Working Day,1,32,49,8,1052,5608,6660,2012-07,1,2012-07
2012-07-04,Fall,2012,July,Holiday,Wednesday,Holiday,1,32,54,9,2562,4841,7403,2012-07,1,2012-07
2012-07-05,Fall,2012,July,Not Holiday,Thursday,Working Day,1,34,46,13,1405,4836,6241,2012-07,1,2012-07
2012-07-06,Fall,2012,July,Not Holiday,Friday,Working Day,1,34,45,10,1366,4841,6207,2012-07,1,2012-07
2012-07-07,Fall,2012,July,Not Holiday,Saturday,Holiday,1,35,49,11,1448,3392,4840,2012-07,2,2012-07
2012-07-08,Fall,2012,July,Not Holiday,Sunday,Holiday,1,34,57,8,1203,3469,4672,2012-07,2,2012-07
2012-07-09,Fall,2012,July,Not Holiday,Monday,Working Day,2,29,68,12,998,5571,6569,2012-07,1,2012-07
2012-07-10,Fall,2012,July,Not Holiday,Tuesday,Working Day,2,30,67,10,954,5336,6290,2012-07,1,2012-07
2012-07-11,Fall,2012,July,Not Holiday,Wednesday,Working Day,1,29,63,10,975,6289,7264,2012-07,1,2012-07
2012-07-12,Fall,2012,July,Not Holiday,Thursday,Working Day,1,29,53,10,1032,6414,7446,2012-07,1,2012-07
2012-07-13,Fall,2012,July,Not Holiday,Friday,Working Day,2,30,49,5,1511,5988,7499,2012-07,1,2012-07
2012-07-14,Fall,2012,July,Not Holiday,Saturday,Holiday,2,29,70,10,2355,4614,6969,2012-07,1,2012-07
2012-07-15,Fall,2012,July,Not Holiday,Sunday,Holiday,1,31,72,11,1920,4111,6031,2012-07,2,2012-07
2012-07-16,Fall,2012,July,Not Holiday,Monday,Working Day,1,31,64,11,1088,5742,6830,2012-07,1,2012-07
2012-07-17,Fall,2012,July,Not Holiday,Tuesday,Working Day,1,34,51,8,921,5865,6786,2012-07,1,2012-07
2012-07-18,Fall,2012,July,Not Holiday,Wednesday,Working Day,1,33,58,9,799,4914,5713,2012-07,1,2012-07
2012-07-19,Fall,2012,July,Not Holiday,Thursday,Working Day,1,32,60,11,888,5703,6591,2012-07,1,2012-07
2012-07-20,Fall,2012,July,Not Holiday,Friday,Working Day,2,27,84,14,747,5123,5870,2012-07,1,2012-07
2012-07-21,Fall,2012,July,Not Holiday,Saturday,Holiday,3,24,87,14,1264,3195,4459,2012-07,2,2012-07
2012-07-22,Fall,2012,July,Not Holiday,Sunday,Holiday,2,27,76,6,2544,4866,7410,2012-07,1,2012-07
2012-07-23,Fall,2012,July,Not Holiday,Monday,Working Day,1,30,69,9,1135,5831,6966,2012-07,1,2012-07
2012-07-24,Fall,2012,July,Not Holiday,Tuesday,Working Day,1,31,66,14,1140,6452,7592,2012-07,1,2012-07
2012-07-25,Fall,2012,July,Not Holiday,Wednesday,Working Day,1,30,45,11,1383,6790,8173,2012-07,1,2012-07
2012-07-26,Fall,2012,July,Not Holiday,Thursday,Working Day,1,32,60,19,1036,5825,6861,2012-07,1,2012-07
2012-07-27,Fall,2012,July,Not Holiday,Friday,Working Day,1,32,59,10,1259,5645,6904,2012-07,1,2012-07
2012-07-28,Fall,2012,July,Not Holiday,Saturday,Holiday,1,31,61,11,2234,4451,6685,2012-07,2,2012-07
2012-07-29,Fall,2012,July,Not Holiday,Sunday,Holiday,1,30,62,11,2153,4444,6597,2012-07,2,2012-07
2012-07-30,Fall,2012,July,Not Holiday,Monday,Working Day,1,30,67,10,1040,6065,7105,2012-07,1,2012-07
2012-07-31,Fall,2012,July,Not Holiday,Tuesday,Working Day,1,29,70,11,968,6248,7216,2012-07,1,2012-07
2012-08-01,Fall,2012,August,Not Holiday,Wednesday,Working Day,1,29,68,9,1074,6506,7580,2012-08,1,2012-08
2012-08-02,Fall,2012,August,Not Holiday,Thursday,Working Day,1,31,66,9,983,6278,7261,2012-08,1,2012-08
2012-08-03,Fall,2012,August,Not Holiday,Friday,Working Day,2,31,64,14,1328,5847,7175,2012-08,1,2012-08
2012-08-04,Fall,2012,August,Not Holiday,Saturday,Holiday,1,33,61,17,2345,4479,6824,2012-08,1,2012-08
2012-08-05,Fall,2012,August,Not Holiday,Sunday,Holiday,1,32,65,19,1707,3757,5464,2012-08,2,2012-08
2012-08-06,Fall,2012,August,Not Holiday,Monday,Working Day,2,31,65,9,1233,5780,7013,2012-08,1,2012-08
2012-08-07,Fall,2012,August,Not Holiday,Tuesday,Working Day,2,30,70,8,1278,5995,7273,2012-08,1,2012-08
2012-08-08,Fall,2012,August,Not Holiday,Wednesday,Working Day,2,31,67,7,1263,6271,7534,2012-08,1,2012-08
2012-08-09,Fall,2012,August,Not Holiday,Thursday,Working Day,1,31,62,10,1196,6090,7286,2012-08,1,2012-08
2012-08-10,Fall,2012,August,Not Holiday,Friday,Working Day,2,29,72,16,1065,4721,5786,2012-08,1,2012-08
2012-08-11,Fall,2012,August,Not Holiday,Saturday,Holiday,2,28,73,14,2247,4052,6299,2012-08,2,2012-08
2012-08-12,Fall,2012,August,Not Holiday,Sunday,Holiday,1,29,53,8,2182,4362,6544,2012-08,2,2012-08
2012-08-13,Fall,2012,August,Not Holiday,Monday,Working Day,1,30,55,9,1207,5676,6883,2012-08,1,2012-08
2012-08-14,Fall,2012,August,Not Holiday,Tuesday,Working Day,1,30,69,11,1128,5656,6784,2012-08,1,2012-08
2012-08-15,Fall,2012,August,Not Holiday,Wednesday,Working Day,1,29,62,11,1198,6149,7347,2012-08,1,2012-08
2012-08-16,Fall,2012,August,Not Holiday,Thursday,Working Day,1,29,52,10,1338,6267,7605,2012-08,1,2012-08
2012-08-17,Fall,2012,August,Not Holiday,Friday,Working Day,1,30,57,16,1483,5665,7148,2012-08,1,2012-08
2012-08-18,Fall,2012,August,Not Holiday,Saturday,Holiday,1,28,60,12,2827,5038,7865,2012-08,1,2012-08
2012-08-19,Fall,2012,August,Not Holiday,Sunday,Holiday,2,26,71,6,1208,3341,4549,2012-08,2,2012-08
2012-08-20,Fall,2012,August,Not Holiday,Monday,Working Day,2,26,73,9,1026,5504,6530,2012-08,1,2012-08
2012-08-21,Fall,2012,August,Not Holiday,Tuesday,Working Day,1,27,67,5,1081,5925,7006,2012-08,1,2012-08
2012-08-22,Fall,2012,August,Not Holiday,Wednesday,Working Day,1,27,68,5,1094,6281,7375,2012-08,1,2012-08
2012-08-23,Fall,2012,August,Not Holiday,Thursday,Working Day,1,29,64,6,1363,6402,7765,2012-08,1,2012-08
2012-08-24,Fall,2012,August,Not Holiday,Friday,Working Day,2,29,62,5,1325,6257,7582,2012-08,1,2012-08
2012-08-25,Fall,2012,August,Not Holiday,Saturday,Holiday,2,27,71,16,1829,4224,6053,2012-08,2,2012-08
2012-08-26,Fall,2012,August,Not Holiday,Sunday,Holiday,2,27,85,15,1483,3772,5255,2012-08,2,2012-08
2012-08-27,Fall,2012,August,Not Holiday,Monday,Working Day,1,29,73,9,989,5928,6917,2012-08,1,2012-08
2012-08-28,Fall,2012,August,Not Holiday,Tuesday,Working Day,1,30,62,13,935,6105,7040,2012-08,1,2012-08
2012-08-29,Fall,2012,August,Not Holiday,Wednesday,Working Day,1,28,55,8,1177,6520,7697,2012-08,1,2012-08
2012-08-30,Fall,2012,August,Not Holiday,Thursday,Working Day,1,29,59,5,1172,6541,7713,2012-08,1,2012-08
2012-08-31,Fall,2012,August,Not Holiday,Friday,Working Day,1,31,59,11,1433,5917,7350,2012-08,1,2012-08
2012-09-01,Fall,2012,September,Not Holiday,Saturday,Holiday,2,31,64,8,2352,3788,6140,2012-09,2,2012-09
2012-09-02,Fall,2012,September,Not Holiday,Sunday,Holiday,2,29,82,4,2613,3197,5810,2012-09,2,2012-09
2012-09-03,Fall,2012,September,Holiday,Monday,Holiday,1,29,79,10,1965,4069,6034,2012-09,2,2012-09
2012-09-04,Fall,2012,September,Not Holiday,Tuesday,Working Day,1,30,76,16,867,5997,6864,2012-09,1,2012-09
2012-09-05,Fall,2012,September,Not Holiday,Wednesday,Working Day,1,30,74,13,832,6280,7112,2012-09,1,2012-09
2012-09-06,Fall,2012,September,Not Holiday,Thursday,Working Day,2,29,81,10,611,5592,6203,2012-09,1,2012-09
2012-09-07,Fall,2012,September,Not Holiday,Friday,Working Day,1,29,74,12,1045,6459,7504,2012-09,1,2012-09
2012-09-08,Fall,2012,September,Not Holiday,Saturday,Holiday,2,27,80,19,1557,4419,5976,2012-09,2,2012-09
2012-09-09,Fall,2012,September,Not Holiday,Sunday,Holiday,1,25,55,15,2570,5657,8227,2012-09,1,2012-09
2012-09-10,Fall,2012,September,Not Holiday,Monday,Working Day,1,24,50,17,1118,6407,7525,2012-09,1,2012-09
2012-09-11,Fall,2012,September,Not Holiday,Tuesday,Working Day,1,24,52,6,1070,6697,7767,2012-09,1,2012-09
2012-09-12,Fall,2012,September,Not Holiday,Wednesday,Working Day,1,25,58,9,1050,6820,7870,2012-09,1,2012-09
2012-09-13,Fall,2012,September,Not Holiday,Thursday,Working Day,1,25,64,6,1054,6750,7804,2012-09,1,2012-09
2012-09-14,Fall,2012,September,Not Holiday,Friday,Working Day,1,26,67,7,1379,6630,8009,2012-09,1,2012-09
2012-09-15,Fall,2012,September,Not Holiday,Saturday,Holiday,1,25,50,17,3160,5554,8714,2012-09,1,2012-09
2012-09-16,Fall,2012,September,Not Holiday,Sunday,Holiday,1,24,57,6,2166,5167,7333,2012-09,1,2012-09
2012-09-17,Fall,2012,September,Not Holiday,Monday,Working Day,2,24,73,10,1022,5847,6869,2012-09,1,2012-09
2012-09-18,Fall,2012,September,Not Holiday,Tuesday,Working Day,2,26,87,24,371,3702,4073,2012-09,2,2012-09
2012-09-19,Fall,2012,September,Not Holiday,Wednesday,Working Day,1,23,54,14,788,6803,7591,2012-09,1,2012-09
2012-09-20,Fall,2012,September,Not Holiday,Thursday,Working Day,1,22,62,8,939,6781,7720,2012-09,1,2012-09
2012-09-21,Fall,2012,September,Not Holiday,Friday,Working Day,1,25,67,10,1250,6917,8167,2012-09,1,2012-09
2012-09-22,Fall,2012,September,Not Holiday,Saturday,Holiday,1,27,65,19,2512,5883,8395,2012-09,1,2012-09
2012-09-23,Winter,2012,September,Not Holiday,Sunday,Holiday,1,22,47,15,2454,5453,7907,2012-09,1,2012-09
2012-09-24,Winter,2012,September,Not Holiday,Monday,Working Day,1,21,49,10,1001,6435,7436,2012-09,1,2012-09
2012-09-25,Winter,2012,September,Not Holiday,Tuesday,Working Day,1,23,57,16,845,6693,7538,2012-09,1,2012-09
2012-09-26,Winter,2012,September,Not Holiday,Wednesday,Working Day,1,26,63,16,787,6946,7733,2012-09,1,2012-09
2012-09-27,Winter,2012,September,Not Holiday,Thursday,Working Day,2,27,69,9,751,6642,7393,2012-09,1,2012-09
2012-09-28,Winter,2012,September,Not Holiday,Friday,Working Day,2,25,69,11,1045,6370,7415,2012-09,1,2012-09
2012-09-29,Winter,2012,September,Not Holiday,Saturday,Holiday,1,22,54,15,2589,5966,8555,2012-09,1,2012-09
2012-09-30,Winter,2012,September,Not Holiday,Sunday,Holiday,1,22,58,9,2015,4874,6889,2012-09,1,2012-09
2012-10-01,Winter,2012,October,Not Holiday,Monday,Working Day,2,21,65,6,763,6015,6778,2012-10,1,2012-10
2012-10-02,Winter,2012,October,Not Holiday,Tuesday,Working Day,3,24,87,7,315,4324,4639,2012-10,2,2012-10
2012-10-03,Winter,2012,October,Not Holiday,Wednesday,Working Day,2,27,79,4,728,6844,7572,2012-10,1,2012-10
2012-10-04,Winter,2012,October,Not Holiday,Thursday,Working Day,2,27,72,8,891,6437,7328,2012-10,1,2012-10
2012-10-05,Winter,2012,October,Not Holiday,Friday,Working Day,1,25,63,7,1516,6640,8156,2012-10,1,2012-10
2012-10-06,Winter,2012,October,Not Holiday,Saturday,Holiday,1,23,66,18,3031,4934,7965,2012-10,1,2012-10
2012-10-07,Winter,2012,October,Not Holiday,Sunday,Holiday,2,17,71,9,781,2729,3510,2012-10,2,2012-10
2012-10-08,Winter,2012,October,Holiday,Monday,Holiday,2,16,71,13,874,4604,5478,2012-10,2,2012-10
2012-10-09,Winter,2012,October,Not Holiday,Tuesday,Working Day,2,18,76,13,601,5791,6392,2012-10,1,2012-10
2012-10-10,Winter,2012,October,Not Holiday,Wednesday,Working Day,1,21,63,13,780,6911,7691,2012-10,1,2012-10
2012-10-11,Winter,2012,October,Not Holiday,Thursday,Working Day,1,18,46,12,834,6736,7570,2012-10,1,2012-10
2012-10-12,Winter,2012,October,Not Holiday,Friday,Working Day,1,18,54,16,1060,6222,7282,2012-10,1,2012-10
2012-10-13,Winter,2012,October,Not Holiday,Saturday,Holiday,1,16,49,10,2252,4857,7109,2012-10,1,2012-10
2012-10-14,Winter,2012,October,Not Holiday,Sunday,Holiday,1,21,64,19,2080,4559,6639,2012-10,1,2012-10
2012-10-15,Winter,2012,October,Not Holiday,Monday,Working Day,2,23,71,20,760,5115,5875,2012-10,1,2012-10
2012-10-16,Winter,2012,October,Not Holiday,Tuesday,Working Day,1,19,56,12,922,6612,7534,2012-10,1,2012-10
2012-10-17,Winter,2012,October,Not Holiday,Wednesday,Working Day,1,19,69,7,979,6482,7461,2012-10,1,2012-10
2012-10-18,Winter,2012,October,Not Holiday,Thursday,Working Day,2,21,73,16,1008,6501,7509,2012-10,1,2012-10
2012-10-19,Winter,2012,October,Not Holiday,Friday,Working Day,2,23,82,9,753,4671,5424,2012-10,1,2012-10
2012-10-20,Winter,2012,October,Not Holiday,Saturday,Holiday,1,20,57,8,2806,5284,8090,2012-10,1,2012-10
2012-10-21,Winter,2012,October,Not Holiday,Sunday,Holiday,1,19,51,11,2132,4692,6824,2012-10,1,2012-10
2012-10-22,Winter,2012,October,Not Holiday,Monday,Working Day,1,20,57,5,830,6228,7058,2012-10,1,2012-10
2012-10-23,Winter,2012,October,Not Holiday,Tuesday,Working Day,1,22,64,6,841,6625,7466,2012-10,1,2012-10
2012-10-24,Winter,2012,October,Not Holiday,Wednesday,Working Day,1,24,64,5,795,6898,7693,2012-10,1,2012-10
2012-10-25,Winter,2012,October,Not Holiday,Thursday,Working Day,2,23,80,8,875,6484,7359,2012-10,1,2012-10
2012-10-26,Winter,2012,October,Not Holiday,Friday,Working Day,2,22,81,9,1182,6262,7444,2012-10,1,2012-10
2012-10-27,Winter,2012,October,Not Holiday,Saturday,Holiday,2,22,72,16,2643,5209,7852,2012-10,1,2012-10
2012-10-28,Winter,2012,October,Not Holiday,Sunday,Holiday,2,20,69,27,998,3461,4459,2012-10,2,2012-10
2012-10-29,Winter,2012,October,Not Holiday,Monday,Working Day,3,18,88,24,2,20,22,2012-10,0,2012-10
2012-10-30,Winter,2012,October,Not Holiday,Tuesday,Working Day,2,13,83,14,87,1009,1096,2012-10,0,2012-10
2012-10-31,Winter,2012,October,Not Holiday,Wednesday,Working Day,2,15,67,11,419,5147,5566,2012-10,1,2012-10
2012-11-01,Winter,2012,November,Not Holiday,Thursday,Working Day,2,15,58,11,466,5520,5986,2012-11,1,2012-11
2012-11-02,Winter,2012,November,Not Holiday,Friday,Working Day,1,15,52,18,618,5229,5847,2012-11,1,2012-11
2012-11-03,Winter,2012,November,Not Holiday,Saturday,Holiday,2,14,49,18,1029,4109,5138,2012-11,2,2012-11
2012-11-04,Winter,2012,November,Not Holiday,Sunday,Holiday,1,13,53,12,1201,3906,5107,2012-11,2,2012-11
2012-11-05,Winter,2012,November,Not Holiday,Monday,Working Day,1,13,49,16,378,4881,5259,2012-11,1,2012-11
2012-11-06,Winter,2012,November,Not Holiday,Tuesday,Working Day,1,12,57,12,466,5220,5686,2012-11,1,2012-11
2012-11-07,Winter,2012,November,Not Holiday,Wednesday,Working Day,2,12,55,20,326,4709,5035,2012-11,1,2012-11
2012-11-08,Winter,2012,November,Not Holiday,Thursday,Working Day,1,14,33,23,340,4975,5315,2012-11,1,2012-11
2012-11-09,Winter,2012,November,Not Holiday,Friday,Working Day,1,15,54,14,709,5283,5992,2012-11,1,2012-11
2012-11-10,Winter,2012,November,Not Holiday,Saturday,Holiday,1,16,65,4,2090,4446,6536,2012-11,2,2012-11
2012-11-11,Winter,2012,November,Not Holiday,Sunday,Holiday,1,17,66,9,2290,4562,6852,2012-11,1,2012-11
2012-11-12,Winter,2012,November,Holiday,Monday,Holiday,1,20,74,12,1097,5172,6269,2012-11,1,2012-11
2012-11-13,Winter,2012,November,Not Holiday,Tuesday,Working Day,2,14,66,23,327,3767,4094,2012-11,2,2012-11
2012-11-14,Winter,2012,November,Not Holiday,Wednesday,Working Day,1,12,55,13,373,5122,5495,2012-11,1,2012-11
2012-11-15,Winter,2012,November,Not Holiday,Thursday,Working Day,2,13,62,10,320,5125,5445,2012-11,1,2012-11
2012-11-16,Winter,2012,November,Not Holiday,Friday,Working Day,1,14,52,11,484,5214,5698,2012-11,1,2012-11
2012-11-17,Winter,2012,November,Not Holiday,Saturday,Holiday,1,13,55,12,1313,4316,5629,2012-11,2,2012-11
2012-11-18,Winter,2012,November,Not Holiday,Sunday,Holiday,1,14,69,15,922,3747,4669,2012-11,2,2012-11
2012-11-19,Winter,2012,November,Not Holiday,Monday,Working Day,2,16,62,16,449,5050,5499,2012-11,1,2012-11
2012-11-20,Winter,2012,November,Not Holiday,Tuesday,Working Day,2,15,68,6,534,5100,5634,2012-11,1,2012-11
2012-11-21,Winter,2012,November,Not Holiday,Wednesday,Working Day,1,14,61,7,615,4531,5146,2012-11,2,2012-11
2012-11-22,Winter,2012,November,Holiday,Thursday,Holiday,1,14,58,4,955,1470,2425,2012-11,0,2012-11
2012-11-23,Winter,2012,November,Not Holiday,Friday,Working Day,1,15,57,10,1603,2307,3910,2012-11,0,2012-11
2012-11-24,Winter,2012,November,Not Holiday,Saturday,Holiday,1,11,40,25,532,1745,2277,2012-11,0,2012-11
2012-11-25,Winter,2012,November,Not Holiday,Sunday,Holiday,1,10,47,10,309,2115,2424,2012-11,0,2012-11
2012-11-26,Winter,2012,November,Not Holiday,Monday,Working Day,1,13,54,3,337,4750,5087,2012-11,1,2012-11
2012-11-27,Winter,2012,November,Not Holiday,Tuesday,Working Day,2,12,79,16,123,3836,3959,2012-11,2,2012-11
2012-11-28,Winter,2012,November,Not Holiday,Wednesday,Working Day,1,12,51,14,198,5062,5260,2012-11,1,2012-11
2012-11-29,Winter,2012,November,Not Holiday,Thursday,Working Day,1,12,56,8,243,5080,5323,2012-11,1,2012-11
2012-11-30,Winter,2012,November,Not Holiday,Friday,Working Day,1,12,65,4,362,5306,5668,2012-11,1,2012-11
2012-12-01,Winter,2012,December,Not Holiday,Saturday,Holiday,2,12,81,4,951,4240,5191,2012-12,2,2012-12
2012-12-02,Winter,2012,December,Not Holiday,Sunday,Holiday,2,14,82,8,892,3757,4649,2012-12,2,2012-12
2012-12-03,Winter,2012,December,Not Holiday,Monday,Working Day,1,19,77,6,555,5679,6234,2012-12,1,2012-12
2012-12-04,Winter,2012,December,Not Holiday,Tuesday,Working Day,1,20,73,12,551,6055,6606,2012-12,1,2012-12
2012-12-05,Winter,2012,December,Not Holiday,Wednesday,Working Day,1,18,48,22,331,5398,5729,2012-12,1,2012-12
2012-12-06,Winter,2012,December,Not Holiday,Thursday,Working Day,1,10,51,12,340,5035,5375,2012-12,1,2012-12
2012-12-07,Winter,2012,December,Not Holiday,Friday,Working Day,2,13,76,9,349,4659,5008,2012-12,2,2012-12
2012-12-08,Winter,2012,December,Not Holiday,Saturday,Holiday,2,16,91,7,1153,4429,5582,2012-12,2,2012-12
2012-12-09,Winter,2012,December,Not Holiday,Sunday,Holiday,2,16,91,11,441,2787,3228,2012-12,2,2012-12
2012-12-10,Winter,2012,December,Not Holiday,Monday,Working Day,2,18,92,13,329,4841,5170,2012-12,1,2012-12
2012-12-11,Winter,2012,December,Not Holiday,Tuesday,Working Day,2,14,60,20,282,5219,5501,2012-12,1,2012-12
2012-12-12,Winter,2012,December,Not Holiday,Wednesday,Working Day,2,12,54,11,310,5009,5319,2012-12,1,2012-12
2012-12-13,Winter,2012,December,Not Holiday,Thursday,Working Day,1,12,49,12,425,5107,5532,2012-12,1,2012-12
2012-12-14,Winter,2012,December,Not Holiday,Friday,Working Day,1,12,64,9,429,5182,5611,2012-12,1,2012-12
2012-12-15,Winter,2012,December,Not Holiday,Saturday,Holiday,1,13,65,7,767,4280,5047,2012-12,2,2012-12
2012-12-16,Winter,2012,December,Not Holiday,Sunday,Holiday,2,15,84,7,538,3248,3786,2012-12,2,2012-12
2012-12-17,Winter,2012,December,Not Holiday,Monday,Working Day,2,16,91,7,212,4373,4585,2012-12,2,2012-12
2012-12-18,Winter,2012,December,Not Holiday,Tuesday,Working Day,1,17,67,15,433,5124,5557,2012-12,1,2012-12
2012-12-19,Winter,2012,December,Not Holiday,Wednesday,Working Day,1,14,63,12,333,4934,5267,2012-12,1,2012-12
2012-12-20,Winter,2012,December,Not Holiday,Thursday,Working Day,2,14,67,9,314,3814,4128,2012-12,2,2012-12
2012-12-21,Spring,2012,December,Not Holiday,Friday,Working Day,2,13,56,25,221,3402,3623,2012-12,2,2012-12
2012-12-22,Spring,2012,December,Not Holiday,Saturday,Holiday,1,11,44,27,205,1544,1749,2012-12,0,2012-12
2012-12-23,Spring,2012,December,Not Holiday,Sunday,Holiday,1,10,52,9,408,1379,1787,2012-12,0,2012-12
2012-12-24,Spring,2012,December,Not Holiday,Monday,Working Day,2,9,79,5,174,746,920,2012-12,0,2012-12
2012-12-25,Spring,2012,December,Holiday,Tuesday,Holiday,2,12,73,11,440,573,1013,2012-12,0,2012-12
2012-12-26,Spring,2012,December,Not Holiday,Wednesday,Working Day,3,10,82,21,9,432,441,2012-12,0,2012-12
2012-12-27,Spring,2012,December,Not Holiday,Thursday,Working Day,2,10,65,23,247,1867,2114,2012-12,0,2012-12
2012-12-28,Spring,2012,December,Not Holiday,Friday,Working Day,2,10,59,10,644,2451,3095,2012-12,0,2012-12
2012-12-29,Spring,2012,December,Not Holiday,Saturday,Holiday,2,10,75,8,159,1182,1341,2012-12,0,2012-12
2012-12-30,Spring,2012,December,Not Holiday,Sunday,Holiday,1,10,48,24,364,1432,1796,2012-12,0,2012-12
2012-12-31,Spring,2012,December,Not Holiday,Monday,Working Day,2,9,58,10,439,2290,2729,2012-12,0,2012-12
